,Time,Albania_new_cases,Andorra_new_cases,Austria_new_cases,Belgium_new_cases,Bulgaria_new_cases,Bosnia and Herzegovina_new_cases,Belarus_new_cases,Switzerland_new_cases,Czech Republic_new_cases,Germany_new_cases,Denmark_new_cases,Spain_new_cases,Estonia_new_cases,Finland_new_cases,France_new_cases,Faeroe Islands_new_cases,United Kingdom_new_cases,Guernsey_new_cases,Greece_new_cases,Croatia_new_cases,Hungary_new_cases,Isle of Man_new_cases,Ireland_new_cases,Iceland_new_cases,Italy_new_cases,Jersey_new_cases,Liechtenstein_new_cases,Lithuania_new_cases,Luxembourg_new_cases,Latvia_new_cases,Monaco_new_cases,Moldova_new_cases,Macedonia_new_cases,Malta_new_cases,Montenegro_new_cases,Netherlands_new_cases,Norway_new_cases,Poland_new_cases,Portugal_new_cases,Romania_new_cases,Russia_new_cases,San Marino_new_cases,Serbia_new_cases,Slovakia_new_cases,Slovenia_new_cases,Sweden_new_cases,Ukraine_new_cases
0,0,0.0,0.0,0.0,0.0,0.0,0.0,0.0,0.0,0.0,0.0,0.0,0.0,0.0,0.0,0.0,0.0,0.0,0.0,0.0,0.0,0.0,0.0,0.0,0.0,0.0,0.0,0.0,0.0,0.0,0.0,0.0,0.0,0.0,0.0,0.0,0.0,0.0,0.0,0.0,0.0,0.0,0.0,0.0,0.0,0.0,0.0,0.0
1,1,0.0,0.0,0.0,0.0,0.0,0.0,0.0,0.0,0.0,0.0,0.0,0.0,0.0,0.0,0.0,0.0,0.0,0.0,0.0,0.0,0.0,0.0,0.0,0.0,0.0,0.0,0.0,0.0,0.0,0.0,0.0,0.0,0.0,0.0,0.0,0.0,0.0,0.0,0.0,0.0,0.0,0.0,0.0,0.0,0.0,0.0,0.0
2,2,0.0,0.0,0.0,0.0,0.0,0.0,0.0,0.0,0.0,0.0,0.0,0.0,0.0,0.0,0.0,0.0,0.0,0.0,0.0,0.0,0.0,0.0,0.0,0.0,0.0,0.0,0.0,0.0,0.0,0.0,0.0,0.0,0.0,0.0,0.0,0.0,0.0,0.0,0.0,0.0,0.0,0.0,0.0,0.0,0.0,0.0,0.0
3,3,0.0,0.0,0.0,0.0,0.0,0.0,0.0,0.0,0.0,0.0,0.0,0.0,0.0,0.0,0.0,0.0,0.0,0.0,0.0,0.0,0.0,0.0,0.0,0.0,0.0,0.0,0.0,0.0,0.0,0.0,0.0,0.0,0.0,0.0,0.0,0.0,0.0,0.0,0.0,0.0,0.0,0.0,0.0,0.0,0.0,0.0,0.0
4,4,0.0,0.0,0.0,0.0,0.0,0.0,0.0,0.0,0.0,0.0,0.0,0.0,0.0,0.0,0.0,0.0,0.0,0.0,0.0,0.0,0.0,0.0,0.0,0.0,0.0,0.0,0.0,0.0,0.0,0.0,0.0,0.0,0.0,0.0,0.0,0.0,0.0,0.0,0.0,0.0,0.0,0.0,0.0,0.0,0.0,0.0,0.0
5,5,0.0,0.0,0.0,0.0,0.0,0.0,0.0,0.0,0.0,0.0,0.0,0.0,0.0,0.0,0.0,0.0,0.0,0.0,0.0,0.0,0.0,0.0,0.0,0.0,0.0,0.0,0.0,0.0,0.0,0.0,0.0,0.0,0.0,0.0,0.0,0.0,0.0,0.0,0.0,0.0,0.0,0.0,0.0,0.0,0.0,0.0,0.0
6,6,0.0,0.0,0.0,0.0,0.0,0.0,0.0,0.0,0.0,0.0,0.0,0.0,0.0,0.0,0.0,0.0,0.0,0.0,0.0,0.0,0.0,0.0,0.0,0.0,0.0,0.0,0.0,0.0,0.0,0.0,0.0,0.0,0.0,0.0,0.0,0.0,0.0,0.0,0.0,0.0,0.0,0.0,0.0,0.0,0.0,0.0,0.0
7,7,0.0,0.0,0.0,0.0,0.0,0.0,0.0,0.0,0.0,0.0,0.0,0.0,0.0,0.0,0.0,0.0,0.0,0.0,0.0,0.0,0.0,0.0,0.0,0.0,0.0,0.0,0.0,0.0,0.0,0.0,0.0,0.0,0.0,0.0,0.0,0.0,0.0,0.0,0.0,0.0,0.0,0.0,0.0,0.0,0.0,0.0,0.0
8,8,0.0,0.0,0.0,0.0,0.0,0.0,0.0,0.0,0.0,0.0,0.0,0.0,0.0,0.0,0.0,0.0,0.0,0.0,0.0,0.0,0.0,0.0,0.0,0.0,0.0,0.0,0.0,0.0,0.0,0.0,0.0,0.0,0.0,0.0,0.0,0.0,0.0,0.0,0.0,0.0,0.0,0.0,0.0,0.0,0.0,0.0,0.0
9,9,0.0,0.0,0.0,0.0,0.0,0.0,0.0,0.0,0.0,0.0,0.0,0.0,0.0,0.0,0.0,0.0,0.0,0.0,0.0,0.0,0.0,0.0,0.0,0.0,0.0,0.0,0.0,0.0,0.0,0.0,0.0,0.0,0.0,0.0,0.0,0.0,0.0,0.0,0.0,0.0,0.0,0.0,0.0,0.0,0.0,0.0,0.0
10,10,0.0,0.0,0.0,0.0,0.0,0.0,0.0,0.0,0.0,0.0,0.0,0.0,0.0,0.0,0.0,0.0,0.0,0.0,0.0,0.0,0.0,0.0,0.0,0.0,0.0,0.0,0.0,0.0,0.0,0.0,0.0,0.0,0.0,0.0,0.0,0.0,0.0,0.0,0.0,0.0,0.0,0.0,0.0,0.0,0.0,0.0,0.0
11,11,0.0,0.0,0.0,0.0,0.0,0.0,0.0,0.0,0.0,0.0,0.0,0.0,0.0,0.0,0.0,0.0,0.0,0.0,0.0,0.0,0.0,0.0,0.0,0.0,0.0,0.0,0.0,0.0,0.0,0.0,0.0,0.0,0.0,0.0,0.0,0.0,0.0,0.0,0.0,0.0,0.0,0.0,0.0,0.0,0.0,0.0,0.0
12,12,0.0,0.0,0.0,0.0,0.0,0.0,0.0,0.0,0.0,0.0,0.0,0.0,0.0,0.0,0.0,0.0,0.0,0.0,0.0,0.0,0.0,0.0,0.0,0.0,0.0,0.0,0.0,0.0,0.0,0.0,0.0,0.0,0.0,0.0,0.0,0.0,0.0,0.0,0.0,0.0,0.0,0.0,0.0,0.0,0.0,0.0,0.0
13,13,0.0,0.0,0.0,0.0,0.0,0.0,0.0,0.0,0.0,0.0,0.0,0.0,0.0,0.0,0.0,0.0,0.0,0.0,0.0,0.0,0.0,0.0,0.0,0.0,0.0,0.0,0.0,0.0,0.0,0.0,0.0,0.0,0.0,0.0,0.0,0.0,0.0,0.0,0.0,0.0,0.0,0.0,0.0,0.0,0.0,0.0,0.0
14,14,0.0,0.0,0.0,0.0,0.0,0.0,0.0,0.0,0.0,0.0,0.0,0.0,0.0,0.0,0.0,0.0,0.0,0.0,0.0,0.0,0.0,0.0,0.0,0.0,0.0,0.0,0.0,0.0,0.0,0.0,0.0,0.0,0.0,0.0,0.0,0.0,0.0,0.0,0.0,0.0,0.0,0.0,0.0,0.0,0.0,0.0,0.0
15,15,0.0,0.0,0.0,0.0,0.0,0.0,0.0,0.0,0.0,0.0,0.0,0.0,0.0,0.0,0.0,0.0,0.0,0.0,0.0,0.0,0.0,0.0,0.0,0.0,0.0,0.0,0.0,0.0,0.0,0.0,0.0,0.0,0.0,0.0,0.0,0.0,0.0,0.0,0.0,0.0,0.0,0.0,0.0,0.0,0.0,0.0,0.0
16,16,0.0,0.0,0.0,0.0,0.0,0.0,0.0,0.0,0.0,0.0,0.0,0.0,0.0,0.0,0.0,0.0,0.0,0.0,0.0,0.0,0.0,0.0,0.0,0.0,0.0,0.0,0.0,0.0,0.0,0.0,0.0,0.0,0.0,0.0,0.0,0.0,0.0,0.0,0.0,0.0,0.0,0.0,0.0,0.0,0.0,0.0,0.0
17,17,0.0,0.0,0.0,0.0,0.0,0.0,0.0,0.0,0.0,0.0,0.0,0.0,0.0,0.0,0.0,0.0,0.0,0.0,0.0,0.0,0.0,0.0,0.0,0.0,0.0,0.0,0.0,0.0,0.0,0.0,0.0,0.0,0.0,0.0,0.0,0.0,0.0,0.0,0.0,0.0,0.0,0.0,0.0,0.0,0.0,0.0,0.0
18,18,0.0,0.0,0.0,0.0,0.0,0.0,0.0,0.0,0.0,0.0,0.0,0.0,0.0,0.0,0.0,0.0,0.0,0.0,0.0,0.0,0.0,0.0,0.0,0.0,0.0,0.0,0.0,0.0,0.0,0.0,0.0,0.0,0.0,0.0,0.0,0.0,0.0,0.0,0.0,0.0,0.0,0.0,0.0,0.0,0.0,0.0,0.0
19,19,0.0,0.0,0.0,0.0,0.0,0.0,0.0,0.0,0.0,0.0,0.0,0.0,0.0,0.0,0.0,0.0,0.0,0.0,0.0,0.0,0.0,0.0,0.0,0.0,0.0,0.0,0.0,0.0,0.0,0.0,0.0,0.0,0.0,0.0,0.0,0.0,0.0,0.0,0.0,0.0,0.0,0.0,0.0,0.0,0.0,0.0,0.0
20,20,0.0,0.0,0.0,0.0,0.0,0.0,0.0,0.0,0.0,0.0,0.0,0.0,0.0,0.0,0.0,0.0,0.0,0.0,0.0,0.0,0.0,0.0,0.0,0.0,0.0,0.0,0.0,0.0,0.0,0.0,0.0,0.0,0.0,0.0,0.0,0.0,0.0,0.0,0.0,0.0,0.0,0.0,0.0,0.0,0.0,0.0,0.0
21,21,0.0,0.0,0.0,0.0,0.0,0.0,0.0,0.0,0.0,0.0,0.0,0.0,0.0,0.0,0.0,0.0,0.0,0.0,0.0,0.0,0.0,0.0,0.0,0.0,0.0,0.0,0.0,0.0,0.0,0.0,0.0,0.0,0.0,0.0,0.0,0.0,0.0,0.0,0.0,0.0,0.0,0.0,0.0,0.0,0.0,0.0,0.0
22,22,0.0,0.0,0.0,0.0,0.0,0.0,0.0,0.0,0.0,0.0,0.0,0.0,0.0,0.0,0.0,0.0,0.0,0.0,0.0,0.0,0.0,0.0,0.0,0.0,0.0,0.0,0.0,0.0,0.0,0.0,0.0,0.0,0.0,0.0,0.0,0.0,0.0,0.0,0.0,0.0,0.0,0.0,0.0,0.0,0.0,0.0,0.0
23,23,0.0,0.0,0.0,0.0,0.0,0.0,0.0,0.0,0.0,0.0,0.0,0.0,0.0,0.0,0.0,0.0,0.0,0.0,0.0,0.0,0.0,0.0,0.0,0.0,0.0,0.0,0.0,0.0,0.0,0.0,0.0,0.0,0.0,0.0,0.0,0.0,0.0,0.0,0.0,0.0,0.0,0.0,0.0,0.0,0.0,0.0,0.0
24,24,0.0,0.0,0.0,0.0,0.0,0.0,0.0,0.0,0.0,0.0,0.0,0.0,0.0,0.0,0.0,0.0,0.0,0.0,0.0,0.0,0.0,0.0,0.0,0.0,0.0,0.0,0.0,0.0,0.0,0.0,0.0,0.0,0.0,0.0,0.0,0.0,0.0,0.0,0.0,0.0,0.0,0.0,0.0,0.0,0.0,0.0,0.0
25,25,0.0,0.0,0.0,0.0,0.0,0.0,0.0,0.0,0.0,0.0,0.0,0.0,0.0,0.0,3.0,0.0,0.0,0.0,0.0,0.0,0.0,0.0,0.0,0.0,0.0,0.0,0.0,0.0,0.0,0.0,0.0,0.0,0.0,0.0,0.0,0.0,0.0,0.0,0.0,0.0,0.0,0.0,0.0,0.0,0.0,0.0,0.0
26,26,0.0,0.0,0.0,0.0,0.0,0.0,0.0,0.0,0.0,0.0,0.0,0.0,0.0,0.0,0.0,0.0,0.0,0.0,0.0,0.0,0.0,0.0,0.0,0.0,0.0,0.0,0.0,0.0,0.0,0.0,0.0,0.0,0.0,0.0,0.0,0.0,0.0,0.0,0.0,0.0,0.0,0.0,0.0,0.0,0.0,0.0,0.0
27,27,0.0,0.0,0.0,0.0,0.0,0.0,0.0,0.0,0.0,0.0,0.0,0.0,0.0,0.0,0.0,0.0,0.0,0.0,0.0,0.0,0.0,0.0,0.0,0.0,0.0,0.0,0.0,0.0,0.0,0.0,0.0,0.0,0.0,0.0,0.0,0.0,0.0,0.0,0.0,0.0,0.0,0.0,0.0,0.0,0.0,0.0,0.0
28,28,0.0,0.0,0.0,0.0,0.0,0.0,0.0,0.0,0.0,1.0,0.0,0.0,0.0,0.0,0.0,0.0,0.0,0.0,0.0,0.0,0.0,0.0,0.0,0.0,0.0,0.0,0.0,0.0,0.0,0.0,0.0,0.0,0.0,0.0,0.0,0.0,0.0,0.0,0.0,0.0,0.0,0.0,0.0,0.0,0.0,0.0,0.0
29,29,0.0,0.0,0.0,0.0,0.0,0.0,0.0,0.0,0.0,3.0,0.0,0.0,0.0,0.0,1.0,0.0,0.0,0.0,0.0,0.0,0.0,0.0,0.0,0.0,0.0,0.0,0.0,0.0,0.0,0.0,0.0,0.0,0.0,0.0,0.0,0.0,0.0,0.0,0.0,0.0,0.0,0.0,0.0,0.0,0.0,0.0,0.0
30,30,0.0,0.0,0.0,0.0,0.0,0.0,0.0,0.0,0.0,0.0,0.0,0.0,0.0,1.0,1.0,0.0,0.0,0.0,0.0,0.0,0.0,0.0,0.0,0.0,0.0,0.0,0.0,0.0,0.0,0.0,0.0,0.0,0.0,0.0,0.0,0.0,0.0,0.0,0.0,0.0,0.0,0.0,0.0,0.0,0.0,0.0,0.0
31,31,0.0,0.0,0.0,0.0,0.0,0.0,0.0,0.0,0.0,1.0,0.0,0.0,0.0,0.0,1.0,0.0,0.0,0.0,0.0,0.0,0.0,0.0,0.0,0.0,3.0,0.0,0.0,0.0,0.0,0.0,0.0,0.0,0.0,0.0,0.0,0.0,0.0,0.0,0.0,0.0,0.0,0.0,0.0,0.0,0.0,0.0,0.0
32,32,0.0,0.0,0.0,0.0,0.0,0.0,0.0,0.0,0.0,2.0,0.0,1.0,0.0,0.0,0.0,0.0,2.0,0.0,0.0,0.0,0.0,0.0,0.0,0.0,0.0,0.0,0.0,0.0,0.0,0.0,0.0,0.0,0.0,0.0,0.0,0.0,0.0,0.0,0.0,0.0,2.0,0.0,0.0,0.0,0.0,0.0,0.0
33,33,0.0,0.0,0.0,0.0,0.0,0.0,0.0,0.0,0.0,1.0,0.0,0.0,0.0,0.0,0.0,0.0,0.0,0.0,0.0,0.0,0.0,0.0,0.0,0.0,0.0,0.0,0.0,0.0,0.0,0.0,0.0,0.0,0.0,0.0,0.0,0.0,0.0,0.0,1195.0,0.0,0.0,0.0,0.0,0.0,1526.0,0.0,0.0
34,34,0.0,0.0,0.0,0.0,0.0,0.0,0.0,0.0,0.0,1.0,0.0,0.0,0.0,0.0,0.0,0.0,0.0,0.0,0.0,0.0,0.0,0.0,0.0,0.0,0.0,0.0,0.0,0.0,0.0,0.0,0.0,0.0,0.0,0.0,0.0,0.0,0.0,0.0,1195.0,0.0,0.0,0.0,0.0,0.0,1526.0,0.0,0.0
35,35,0.0,0.0,0.0,1.0,0.0,0.0,0.0,0.0,0.0,2.0,0.0,0.0,0.0,0.0,0.0,0.0,0.0,0.0,0.0,0.0,0.0,0.0,0.0,0.0,0.0,0.0,0.0,0.0,0.0,0.0,0.0,0.0,0.0,0.0,0.0,0.0,0.0,0.0,1195.0,0.0,0.0,0.0,0.0,0.0,1526.0,0.0,0.0
36,36,0.0,0.0,0.0,0.0,0.0,0.0,0.0,0.0,0.0,0.0,0.0,0.0,0.0,0.0,0.0,0.0,1.0,0.0,0.0,0.0,0.0,0.0,0.0,0.0,0.0,0.0,0.0,0.0,0.0,0.0,0.0,0.0,0.0,0.0,0.0,0.0,0.0,0.0,1195.0,0.0,0.0,0.0,0.0,0.0,1526.0,1.0,0.0
37,37,0.0,0.0,0.0,0.0,0.0,0.0,0.0,0.0,0.0,0.0,0.0,0.0,0.0,0.0,0.0,0.0,0.0,0.0,0.0,0.0,0.0,0.0,0.0,0.0,0.0,0.0,0.0,0.0,0.0,0.0,0.0,0.0,0.0,92.0,0.0,0.0,0.0,0.0,1195.0,0.0,0.0,0.0,0.0,0.0,1526.0,0.0,0.0
38,38,0.0,0.0,0.0,0.0,0.0,0.0,0.0,0.0,0.0,1.0,0.0,0.0,0.0,0.0,0.0,0.0,1.0,0.0,0.0,0.0,0.0,0.0,0.0,0.0,0.0,0.0,0.0,0.0,0.0,0.0,0.0,0.0,0.0,92.0,0.0,0.0,0.0,0.0,1195.0,0.0,0.0,0.0,0.0,0.0,1526.0,0.0,0.0
39,39,0.0,0.0,0.0,0.0,0.0,0.0,0.0,0.0,0.0,1.0,0.0,0.0,0.0,0.0,5.0,0.0,0.0,0.0,0.0,0.0,0.0,0.0,0.0,0.0,0.0,0.0,0.0,0.0,0.0,0.0,0.0,0.0,0.0,92.0,0.0,0.0,0.0,0.0,1195.0,0.0,0.0,0.0,0.0,0.0,1526.0,0.0,0.0
40,40,0.0,0.0,0.0,0.0,0.0,0.0,0.0,0.0,0.0,0.0,0.0,0.0,0.0,0.0,0.0,0.0,0.0,0.0,0.0,0.0,0.0,0.0,0.0,0.0,0.0,0.0,0.0,0.0,0.0,0.0,0.0,0.0,0.0,92.0,0.0,0.0,0.0,0.0,1195.0,0.0,0.0,0.0,0.0,0.0,1526.0,0.0,0.0
41,41,0.0,0.0,0.0,0.0,0.0,0.0,0.0,0.0,0.0,0.0,0.0,1.0,0.0,0.0,0.0,0.0,4.0,0.0,0.0,0.0,0.0,0.0,0.0,0.0,0.0,0.0,0.0,0.0,0.0,0.0,0.0,0.0,0.0,92.0,0.0,0.0,0.0,0.0,1195.0,0.0,0.0,0.0,0.0,0.0,1526.0,0.0,0.0
42,42,0.0,0.0,0.0,0.0,0.0,0.0,0.0,0.0,0.0,0.0,0.0,0.0,0.0,0.0,0.0,0.0,1.0,0.0,0.0,0.0,0.0,0.0,0.0,0.0,0.0,0.0,0.0,0.0,0.0,0.0,0.0,0.0,0.0,92.0,0.0,0.0,0.0,0.0,1195.0,0.0,0.0,0.0,0.0,0.0,1526.0,0.0,0.0
43,43,0.0,0.0,0.0,0.0,0.0,0.0,0.0,0.0,0.0,2.0,0.0,0.0,0.0,0.0,0.0,0.0,0.0,0.0,0.0,0.0,0.0,0.0,0.0,0.0,0.0,0.0,0.0,0.0,0.0,0.0,0.0,0.0,0.0,92.0,0.0,0.0,0.0,0.0,1195.0,0.0,0.0,0.0,0.0,0.0,1526.0,0.0,0.0
44,44,0.0,0.0,0.0,0.0,0.0,0.0,0.0,0.0,0.0,0.0,0.0,0.0,0.0,0.0,0.0,0.0,1.0,0.0,0.0,0.0,0.0,0.0,0.0,0.0,0.0,0.0,0.0,0.0,0.0,0.0,0.0,0.0,0.0,92.0,0.0,0.0,0.0,0.0,1195.0,0.0,0.0,0.0,0.0,0.0,1526.0,0.0,0.0
45,45,0.0,0.0,0.0,0.0,0.0,0.0,0.0,0.0,0.0,0.0,0.0,0.0,0.0,0.0,0.0,0.0,0.0,0.0,0.0,0.0,0.0,0.0,0.0,0.0,0.0,0.0,0.0,0.0,0.0,0.0,0.0,0.0,0.0,92.0,0.0,0.0,0.0,0.0,1195.0,0.0,0.0,0.0,0.0,0.0,1526.0,0.0,0.0
46,46,0.0,0.0,0.0,0.0,0.0,0.0,0.0,0.0,0.0,0.0,0.0,0.0,0.0,0.0,0.0,0.0,0.0,0.0,0.0,0.0,0.0,0.0,0.0,0.0,0.0,0.0,0.0,0.0,0.0,0.0,0.0,0.0,0.0,92.0,0.0,0.0,0.0,0.0,1195.0,0.0,0.0,0.0,0.0,0.0,1526.0,0.0,0.0
47,47,0.0,0.0,0.0,0.0,0.0,0.0,0.0,0.0,0.0,0.0,0.0,0.0,0.0,0.0,0.0,0.0,0.0,0.0,0.0,0.0,0.0,0.0,0.0,0.0,0.0,0.0,0.0,0.0,0.0,0.0,0.0,0.0,0.0,92.0,0.0,0.0,0.0,0.0,1195.0,0.0,0.0,0.0,0.0,0.0,1526.0,0.0,0.0
48,48,0.0,0.0,0.0,0.0,0.0,0.0,0.0,0.0,0.0,0.0,0.0,0.0,0.0,0.0,1.0,0.0,0.0,0.0,0.0,0.0,0.0,0.0,0.0,0.0,0.0,0.0,0.0,0.0,0.0,0.0,0.0,0.0,0.0,92.0,0.0,0.0,0.0,0.0,1195.0,0.0,0.0,0.0,0.0,0.0,1526.0,0.0,0.0
49,49,0.0,0.0,0.0,0.0,0.0,0.0,0.0,0.0,0.0,0.0,0.0,0.0,0.0,0.0,0.0,0.0,0.0,0.0,0.0,0.0,0.0,0.0,0.0,0.0,0.0,0.0,0.0,0.0,0.0,0.0,0.0,0.0,0.0,92.0,0.0,0.0,0.0,0.0,1195.0,0.0,0.0,0.0,0.0,0.0,1526.0,0.0,0.0
50,50,0.0,0.0,0.0,0.0,0.0,0.0,0.0,0.0,0.0,0.0,0.0,0.0,0.0,0.0,0.0,0.0,0.0,0.0,0.0,0.0,0.0,0.0,0.0,0.0,0.0,0.0,0.0,0.0,0.0,0.0,0.0,0.0,0.0,92.0,0.0,0.0,0.0,0.0,1195.0,0.0,0.0,0.0,0.0,0.0,1526.0,0.0,0.0
51,51,0.0,0.0,0.0,0.0,0.0,0.0,0.0,0.0,0.0,0.0,0.0,0.0,0.0,0.0,0.0,0.0,0.0,0.0,0.0,0.0,0.0,0.0,0.0,0.0,0.0,0.0,0.0,0.0,0.0,0.0,0.0,0.0,0.0,92.0,0.0,0.0,0.0,0.0,1195.0,0.0,0.0,0.0,0.0,0.0,1526.0,0.0,0.0
52,52,0.0,0.0,0.0,0.0,0.0,0.0,0.0,0.0,0.0,0.0,0.0,0.0,0.0,0.0,0.0,0.0,0.0,0.0,0.0,0.0,0.0,0.0,0.0,0.0,0.0,0.0,0.0,0.0,0.0,0.0,0.0,0.0,0.0,92.0,0.0,0.0,0.0,0.0,1195.0,0.0,0.0,0.0,0.0,0.0,1526.0,0.0,0.0
53,53,0.0,0.0,0.0,0.0,0.0,0.0,0.0,0.0,0.0,0.0,0.0,0.0,0.0,0.0,0.0,0.0,0.0,0.0,0.0,0.0,0.0,0.0,0.0,0.0,14.0,0.0,0.0,0.0,0.0,0.0,0.0,0.0,0.0,92.0,0.0,0.0,0.0,0.0,1195.0,0.0,0.0,0.0,0.0,0.0,1526.0,0.0,0.0
54,54,0.0,0.0,0.0,0.0,0.0,0.0,0.0,0.0,0.0,0.0,0.0,0.0,0.0,0.0,0.0,0.0,1.0,0.0,0.0,0.0,0.0,0.0,0.0,0.0,62.0,0.0,0.0,0.0,0.0,0.0,0.0,0.0,0.0,92.0,0.0,0.0,0.0,0.0,1195.0,0.0,0.0,0.0,0.0,0.0,1526.0,0.0,0.0
55,55,0.0,0.0,0.0,0.0,0.0,0.0,0.0,0.0,0.0,0.0,0.0,0.0,0.0,0.0,0.0,0.0,0.0,0.0,0.0,0.0,0.0,0.0,0.0,0.0,53.0,0.0,0.0,0.0,0.0,0.0,0.0,0.0,0.0,92.0,0.0,0.0,0.0,0.0,1195.0,0.0,0.0,0.0,0.0,0.0,1526.0,0.0,0.0
56,56,0.0,0.0,0.0,0.0,0.0,0.0,0.0,0.0,0.0,0.0,0.0,1.0,0.0,0.0,0.0,0.0,0.0,0.0,0.0,0.0,0.0,0.0,0.0,0.0,97.0,0.0,0.0,0.0,0.0,0.0,0.0,0.0,0.0,92.0,0.0,0.0,0.0,0.0,1195.0,0.0,0.0,0.0,0.0,0.0,1526.0,0.0,0.0
57,57,0.0,0.0,2.0,0.0,0.0,0.0,0.0,1.0,0.0,2.0,0.0,6.0,0.0,0.0,2.0,0.0,2.0,0.0,0.0,1.0,0.0,0.0,0.0,0.0,93.0,0.0,0.0,0.0,0.0,0.0,0.0,0.0,0.0,92.0,0.0,0.0,0.0,0.0,1195.0,0.0,0.0,0.0,0.0,0.0,1526.0,0.0,0.0
58,58,0.0,0.0,0.0,0.0,0.0,0.0,0.0,0.0,0.0,4.0,1.0,8.0,0.0,1.0,3.0,0.0,5.0,0.0,1.0,1.0,0.0,0.0,0.0,0.0,78.0,0.0,0.0,0.0,0.0,0.0,0.0,0.0,1.0,92.0,0.0,0.0,1.0,0.0,1195.0,1.0,0.0,0.0,0.0,0.0,1526.0,1.0,0.0
59,59,0.0,0.0,3.0,0.0,0.0,0.0,1.0,7.0,0.0,26.0,0.0,18.0,1.0,0.0,21.0,0.0,4.0,0.0,2.0,1.0,0.0,0.0,0.0,0.0,250.0,0.0,0.0,1.0,0.0,0.0,0.0,0.0,0.0,92.0,0.0,1.0,3.0,0.0,1195.0,0.0,0.0,1.0,0.0,0.0,1526.0,1.0,0.0
60,60,0.0,0.0,2.0,0.0,0.0,0.0,0.0,4.0,0.0,10.0,1.0,19.0,0.0,1.0,19.0,0.0,8.0,0.0,1.0,2.0,0.0,0.0,0.0,1.0,238.0,0.0,0.0,0.0,0.0,0.0,1.0,0.0,0.0,92.0,0.0,1.0,2.0,0.0,1195.0,2.0,0.0,0.0,0.0,0.0,1526.0,8.0,0.0
61,61,0.0,0.0,3.0,18.0,0.0,0.0,0.0,6.0,0.0,54.0,1.0,28.0,0.0,0.0,43.0,0.0,12.0,0.0,3.0,0.0,0.0,0.0,1.0,0.0,240.0,0.0,0.0,0.0,1.0,0.0,0.0,0.0,0.0,92.0,0.0,5.0,9.0,0.0,1195.0,0.0,0.0,0.0,0.0,0.0,1526.0,3.0,0.0
62,62,0.0,0.0,4.0,0.0,0.0,0.0,0.0,6.0,3.0,18.0,1.0,54.0,0.0,3.0,30.0,0.0,5.0,0.0,0.0,2.0,0.0,0.0,0.0,2.0,561.0,0.0,0.0,0.0,0.0,0.0,0.0,0.0,0.0,92.0,0.0,6.0,4.0,0.0,1195.0,0.0,0.0,7.0,0.0,0.0,1526.0,0.0,0.0
63,63,0.0,1.0,4.0,19.0,0.0,0.0,0.0,6.0,2.0,28.0,1.0,56.0,0.0,3.0,48.0,0.0,22.0,0.0,0.0,1.0,0.0,0.0,0.0,3.0,347.0,0.0,0.0,0.0,0.0,1.0,0.0,0.0,0.0,92.0,0.0,5.0,6.0,0.0,2.0,0.0,1.0,7.0,0.0,0.0,1526.0,5.0,0.0
64,64,0.0,1.0,6.0,34.0,0.0,0.0,3.0,7.0,0.0,39.0,3.0,75.0,1.0,1.0,34.0,0.0,40.0,0.0,0.0,1.0,0.0,0.0,1.0,10.0,466.0,0.0,0.0,0.0,0.0,1.0,0.0,0.0,0.0,92.0,0.0,10.0,8.0,1.0,2.0,1.0,1.0,2.0,0.0,0.0,1526.0,13.0,1.0
65,65,0.0,1.0,5.0,53.0,0.0,0.0,2.0,20.0,3.0,66.0,2.0,81.0,1.0,1.0,73.0,0.0,55.0,0.0,3.0,1.0,2.0,0.0,4.0,10.0,587.0,0.0,1.0,0.0,0.0,1.0,0.0,0.0,0.0,92.0,0.0,10.0,23.0,1.0,1.0,1.0,0.0,5.0,0.0,0.0,1.0,30.0,1.0
66,66,0.0,1.0,12.0,81.0,0.0,2.0,2.0,30.0,4.0,138.0,10.0,183.0,3.0,5.0,138.0,1.0,56.0,0.0,22.0,1.0,2.0,0.0,7.0,9.0,769.0,0.0,1.0,0.0,0.0,1.0,0.0,0.0,0.0,92.0,0.0,44.0,30.0,1.0,4.0,2.0,0.0,7.0,0.0,1.0,5.0,25.0,1.0
67,67,0.0,1.0,33.0,110.0,0.0,2.0,2.0,122.0,7.0,284.0,3.0,233.0,5.0,7.0,190.0,1.0,51.0,0.0,13.0,1.0,2.0,0.0,5.0,8.0,778.0,0.0,1.0,0.0,2.0,1.0,0.0,0.0,2.0,1.0,0.0,46.0,27.0,4.0,4.0,1.0,6.0,1.0,1.0,1.0,3.0,59.0,1.0
68,68,0.0,1.0,25.0,27.0,2.0,2.0,2.0,55.0,7.0,163.0,8.0,330.0,5.0,7.0,103.0,1.0,81.0,0.0,21.0,1.0,3.0,0.0,1.0,10.0,1247.0,0.0,1.0,0.0,2.0,1.0,0.0,1.0,2.0,2.0,0.0,60.0,34.0,1.0,8.0,6.0,0.0,3.0,1.0,2.0,3.0,33.0,1.0
69,69,2.0,1.0,3.0,64.0,2.0,2.0,2.0,68.0,6.0,55.0,7.0,433.0,5.0,11.0,410.0,0.0,60.0,0.0,7.0,1.0,1.0,0.0,2.0,2.0,1492.0,0.0,1.0,0.0,2.0,1.0,0.0,1.0,2.0,0.0,0.0,77.0,22.0,5.0,9.0,2.0,0.0,11.0,1.0,2.0,4.0,46.0,1.0
70,70,4.0,1.0,29.0,94.0,2.0,2.0,2.0,42.0,8.0,237.0,75.0,772.0,5.0,10.0,286.0,0.0,57.0,0.0,11.0,1.0,1.0,0.0,2.0,10.0,1797.0,0.0,1.0,0.0,2.0,3.0,0.0,1.0,2.0,2.0,0.0,56.0,23.0,6.0,9.0,2.0,0.0,12.0,1.0,2.0,4.0,101.0,1.0
71,71,4.0,1.0,51.0,99.0,2.0,2.0,3.0,116.0,23.0,157.0,151.0,975.0,3.0,10.0,372.0,0.0,148.0,0.0,6.0,1.0,3.0,0.0,14.0,5.0,977.0,0.0,1.0,2.0,2.0,2.0,0.0,2.0,4.0,1.0,0.0,61.0,85.0,5.0,2.0,8.0,0.0,13.0,4.0,2.0,15.0,98.0,1.0
72,72,1.0,1.0,64.0,174.0,3.0,1.0,3.0,152.0,31.0,271.0,252.0,1153.0,3.0,19.0,497.0,0.0,259.0,0.0,9.0,3.0,1.0,0.0,8.0,15.0,2313.0,0.0,2.0,0.0,0.0,2.0,0.0,1.0,4.0,1.0,0.0,121.0,212.0,9.0,18.0,20.0,15.0,4.0,13.0,3.0,26.0,196.0,1.0
73,73,12.0,1.0,115.0,250.0,16.0,0.0,9.0,212.0,22.0,802.0,160.0,1531.0,11.0,96.0,595.0,0.0,406.0,0.0,34.0,9.0,3.0,0.0,27.0,32.0,2651.0,0.0,1.0,0.0,19.0,6.0,0.0,2.0,2.0,1.0,0.0,111.0,132.0,18.0,19.0,19.0,5.0,1.0,6.0,11.0,39.0,151.0,2.0
74,74,10.0,1.0,143.0,338.0,8.0,0.0,9.0,267.0,34.0,693.0,128.0,1683.0,52.0,28.0,785.0,0.0,484.0,0.0,57.0,6.0,9.0,0.0,21.0,0.0,2547.0,0.0,0.0,3.0,12.0,3.0,0.0,2.0,4.0,10.0,0.0,190.0,0.0,19.0,34.0,25.0,15.0,6.0,17.0,9.0,45.0,152.0,2.0
75,75,5.0,1.0,151.0,179.0,10.0,0.0,9.0,238.0,64.0,733.0,23.0,2144.0,36.0,27.0,838.0,0.0,478.0,0.0,38.0,6.0,6.0,0.0,38.0,21.0,3497.0,0.0,0.0,3.0,12.0,7.0,6.0,12.0,4.0,1.0,0.0,155.0,286.0,36.0,57.0,24.0,14.0,19.0,5.0,14.0,40.0,71.0,2.0
76,76,4.0,3.0,205.0,214.0,10.0,15.0,6.0,841.0,84.0,1043.0,48.0,1706.0,56.0,57.0,924.0,6.0,361.0,0.0,103.0,11.0,8.0,0.0,40.0,40.0,2823.0,0.0,3.0,5.0,39.0,5.0,2.0,3.0,0.0,11.0,0.0,176.0,170.0,21.0,76.0,26.0,4.0,6.0,9.0,17.0,38.0,69.0,0.0
77,77,9.0,9.0,156.0,387.0,11.0,3.0,9.0,0.0,46.0,1174.0,57.0,2503.0,34.0,5.0,1210.0,2.0,442.0,0.0,21.0,8.0,11.0,0.0,54.0,21.0,4000.0,0.0,0.0,3.0,4.0,5.0,0.0,6.0,6.0,8.0,0.0,278.0,92.0,52.0,86.0,45.0,30.0,4.0,2.0,23.0,34.0,83.0,2.0
78,78,4.0,0.0,316.0,422.0,19.0,9.0,0.0,450.0,90.0,1144.0,92.0,3694.0,20.0,47.0,1097.0,7.0,611.0,0.0,35.0,13.0,0.0,0.0,69.0,48.0,3526.0,0.0,0.0,8.0,59.0,25.0,0.0,1.0,12.0,10.0,2.0,292.0,139.0,61.0,117.0,33.0,21.0,2.0,15.0,13.0,22.0,119.0,9.0
79,79,4.0,39.0,314.0,535.0,11.0,5.0,10.0,353.0,88.0,1042.0,91.0,4047.0,33.0,50.0,1404.0,29.0,769.0,0.0,31.0,12.0,23.0,0.0,74.0,3.0,4207.0,0.0,18.0,8.0,70.0,10.0,0.0,6.0,11.0,4.0,6.0,346.0,115.0,49.0,194.0,43.0,33.0,5.0,22.0,10.0,11.0,145.0,5.0
80,80,11.0,22.0,550.0,713.0,13.0,9.0,11.0,860.0,172.0,5940.0,36.0,4569.0,9.0,31.0,1861.0,25.0,999.0,1.0,46.0,23.0,12.0,0.0,191.0,80.0,5322.0,5.0,0.0,15.0,135.0,15.0,3.0,13.0,6.0,12.0,5.0,409.0,129.0,68.0,143.0,17.0,52.0,17.0,32.0,16.0,33.0,143.0,7.0
81,81,0.0,0.0,453.0,662.0,22.0,18.0,0.0,943.0,210.0,4049.0,104.0,5446.0,16.0,50.0,1617.0,8.0,1055.0,0.0,31.0,22.0,18.0,1.0,126.0,79.0,5986.0,7.0,9.0,21.0,139.0,25.0,6.0,17.0,22.0,9.0,1.0,534.0,190.0,70.0,235.0,31.0,54.0,25.0,9.0,14.0,22.0,180.0,0.0
82,82,6.0,13.0,375.0,469.0,36.0,30.0,19.0,1271.0,91.0,3276.0,71.0,4866.0,23.0,71.0,1847.0,12.0,1255.0,0.0,35.0,80.0,28.0,1.0,102.0,64.0,6557.0,0.0,2.0,36.0,186.0,13.0,0.0,14.0,15.0,17.0,0.0,637.0,184.0,111.0,260.0,59.0,53.0,0.0,14.0,41.0,42.0,136.0,15.0
83,83,13.0,25.0,607.0,486.0,22.0,33.0,0.0,894.0,170.0,3311.0,69.0,4646.0,20.0,105.0,1559.0,23.0,1198.0,16.0,94.0,29.0,36.0,0.0,121.0,95.0,5560.0,3.0,10.0,38.0,128.0,15.0,2.0,14.0,29.0,17.0,7.0,573.0,206.0,98.0,320.0,66.0,61.0,0.0,39.0,7.0,31.0,118.0,6.0
84,84,11.0,20.0,855.0,1328.0,16.0,6.0,5.0,1044.0,71.0,4438.0,65.0,7691.0,26.0,74.0,3838.0,3.0,1378.0,3.0,71.0,71.0,20.0,11.0,219.0,20.0,4789.0,3.0,0.0,36.0,77.0,41.0,2.0,15.0,22.0,7.0,6.0,545.0,239.0,115.0,460.0,143.0,71.0,36.0,34.0,6.0,28.0,182.0,26.0
85,85,23.0,31.0,796.0,1195.0,19.0,33.0,0.0,774.0,158.0,2342.0,131.0,8553.0,17.0,92.0,2446.0,4.0,2338.0,3.0,48.0,76.0,39.0,10.0,204.0,60.0,5249.0,0.0,1.0,30.0,224.0,17.0,1.0,16.0,12.0,15.0,20.0,811.0,195.0,152.0,302.0,186.0,57.0,0.0,27.0,13.0,38.0,230.0,11.0
86,86,23.0,24.0,606.0,1199.0,22.0,9.0,5.0,925.0,260.0,4954.0,133.0,8954.0,35.0,88.0,2931.0,10.0,2375.0,7.0,78.0,36.0,35.0,0.0,235.0,89.0,5210.0,0.0,4.0,65.0,234.0,24.0,0.0,24.0,29.0,5.0,6.0,852.0,350.0,150.0,633.0,144.0,163.0,21.0,54.0,12.0,48.0,314.0,29.0
87,87,28.0,36.0,1141.0,1363.0,22.0,40.0,0.0,1000.0,408.0,5780.0,153.0,9181.0,134.0,78.0,3922.0,8.0,2692.0,4.0,71.0,77.0,39.0,3.0,255.0,65.0,6153.0,14.0,5.0,25.0,120.0,23.0,3.0,28.0,24.0,5.0,14.0,1019.0,240.0,170.0,549.0,123.0,182.0,10.0,81.0,10.0,49.0,286.0,43.0
88,88,12.0,43.0,668.0,1520.0,29.0,20.0,8.0,1390.0,217.0,6294.0,169.0,8244.0,37.0,67.0,3809.0,4.0,3087.0,2.0,74.0,91.0,43.0,3.0,302.0,88.0,5959.0,20.0,4.0,59.0,152.0,36.0,6.0,22.0,18.0,10.0,8.0,1172.0,425.0,168.0,724.0,263.0,196.0,5.0,73.0,69.0,55.0,365.0,62.0
89,89,11.0,41.0,594.0,845.0,38.0,24.0,0.0,1048.0,384.0,3965.0,155.0,6424.0,65.0,193.0,4611.0,11.0,3197.0,3.0,95.0,71.0,65.0,3.0,294.0,73.0,5974.0,9.0,1.0,36.0,226.0,25.0,1.0,32.0,22.0,2.0,9.0,1159.0,264.0,249.0,902.0,160.0,228.0,1.0,202.0,0.0,59.0,300.0,93.0
90,90,15.0,26.0,522.0,684.0,15.0,66.0,0.0,1122.0,166.0,4751.0,194.0,5813.0,39.0,0.0,2599.0,4.0,2822.0,6.0,95.0,56.0,39.0,10.0,200.0,57.0,5217.0,2.0,1.0,90.0,119.0,71.0,2.0,32.0,18.0,5.0,1.0,1104.0,257.0,224.0,792.0,308.0,270.0,5.0,82.0,41.0,39.0,280.0,107.0
91,91,11.0,36.0,805.0,1739.0,13.0,30.0,11.0,1138.0,173.0,4615.0,182.0,8145.0,36.0,95.0,4376.0,9.0,2858.0,0.0,56.0,77.0,45.0,0.0,295.0,66.0,4050.0,0.0,2.0,0.0,38.0,0.0,1.0,35.0,26.0,13.0,6.0,884.0,124.0,193.0,446.0,192.0,302.0,0.0,44.0,0.0,33.0,416.0,62.0
92,92,20.0,6.0,564.0,1681.0,40.0,60.0,47.0,696.0,306.0,5453.0,283.0,7413.0,30.0,71.0,7578.0,1.0,4273.0,15.0,102.0,77.0,33.0,10.0,325.0,49.0,4053.0,18.0,4.0,49.0,190.0,22.0,1.0,55.0,44.0,19.0,18.0,845.0,221.0,256.0,1035.0,293.0,501.0,1.0,115.0,27.0,51.0,475.0,69.0
93,93,16.0,14.0,529.0,1517.0,23.0,51.0,0.0,962.0,281.0,6156.0,247.0,7583.0,34.0,62.0,4861.0,4.0,4514.0,18.0,61.0,96.0,60.0,13.0,212.0,85.0,4782.0,0.0,4.0,48.0,141.0,48.0,3.0,70.0,25.0,7.0,14.0,1019.0,218.0,243.0,808.0,215.0,440.0,6.0,160.0,37.0,27.0,486.0,245.0
94,94,18.0,38.0,418.0,1478.0,35.0,68.0,102.0,1124.0,269.0,6174.0,279.0,7272.0,79.0,72.0,2116.0,4.0,4913.0,13.0,139.0,48.0,38.0,6.0,402.0,99.0,4668.0,0.0,3.0,68.0,168.0,12.0,3.0,82.0,0.0,7.0,21.0,1083.0,270.0,392.0,783.0,278.0,771.0,9.0,111.0,26.0,56.0,554.0,103.0
95,95,27.0,11.0,396.0,1694.0,28.0,54.0,97.0,1033.0,332.0,6082.0,371.0,6663.0,103.0,97.0,5233.0,2.0,4868.0,23.0,99.0,68.0,55.0,43.0,424.0,45.0,4585.0,37.0,0.0,122.0,125.0,35.0,4.0,86.0,76.0,11.0,30.0,1026.0,273.0,437.0,852.0,445.0,601.0,6.0,305.0,24.0,37.0,601.0,175.0
96,96,29.0,27.0,241.0,923.0,18.0,46.0,43.0,974.0,282.0,5936.0,320.0,5533.0,57.0,267.0,4267.0,2.0,4911.0,22.0,60.0,47.0,55.0,12.0,331.0,53.0,4805.0,5.0,2.0,0.0,117.0,16.0,1.0,161.0,53.0,14.0,27.0,904.0,302.0,244.0,638.0,430.0,582.0,8.0,148.0,21.0,43.0,357.0,153.0
97,97,28.0,35.0,217.0,666.0,28.0,31.0,170.0,821.0,115.0,3677.0,292.0,3667.0,79.0,45.0,1873.0,0.0,4020.0,18.0,62.0,56.0,11.0,1.0,507.0,69.0,4316.0,32.0,1.0,40.0,75.0,24.0,3.0,112.0,0.0,14.0,13.0,1224.0,130.0,475.0,754.0,251.0,658.0,7.0,284.0,14.0,20.0,340.0,83.0
98,98,16.0,25.0,314.0,1934.0,18.0,32.0,136.0,552.0,235.0,3834.0,312.0,5209.0,11.0,249.0,3912.0,2.0,3592.0,11.0,20.0,40.0,73.0,12.0,253.0,76.0,3599.0,14.0,0.0,32.0,39.0,9.0,1.0,101.0,87.0,52.0,19.0,952.0,115.0,311.0,452.0,193.0,954.0,11.0,292.0,49.0,24.0,389.0,11.0
99,99,6.0,19.0,343.0,1515.0,28.0,86.0,161.0,590.0,195.0,4003.0,390.0,5583.0,41.0,132.0,3777.0,1.0,5282.0,1.0,77.0,60.0,78.0,11.0,345.0,24.0,3039.0,1.0,0.0,37.0,127.0,6.0,2.0,91.0,29.0,6.0,8.0,777.0,108.0,435.0,712.0,360.0,1154.0,2.0,247.0,47.0,34.0,738.0,143.0
100,100,17.0,19.0,329.0,1598.0,16.0,35.0,205.0,546.0,295.0,4974.0,331.0,5745.0,36.0,179.0,3881.0,0.0,5450.0,15.0,52.0,61.0,85.0,8.0,515.0,30.0,3836.0,0.0,1.0,32.0,64.0,29.0,0.0,118.0,18.0,38.0,8.0,969.0,147.0,357.0,699.0,344.0,1175.0,29.0,219.0,101.0,36.0,654.0,206.0
101,101,9.0,19.0,279.0,2239.0,31.0,59.0,420.0,785.0,257.0,5323.0,233.0,4537.0,22.0,118.0,4286.0,0.0,5131.0,10.0,71.0,64.0,210.0,32.0,1169.0,32.0,4204.0,13.0,0.0,43.0,81.0,12.0,3.0,115.0,46.0,13.0,3.0,1213.0,150.0,370.0,815.0,441.0,1459.0,25.0,201.0,19.0,33.0,645.0,224.0
102,102,7.0,18.0,312.0,2336.0,11.0,26.0,495.0,733.0,163.0,4133.0,184.0,4550.0,51.0,164.0,4342.0,0.0,4858.0,9.0,56.0,88.0,120.0,11.0,696.0,27.0,3951.0,15.0,1.0,44.0,108.0,23.0,6.0,149.0,48.0,20.0,5.0,1335.0,84.0,380.0,1516.0,265.0,1786.0,11.0,238.0,14.0,36.0,454.0,311.0
103,103,17.0,21.0,247.0,1031.0,26.0,47.0,245.0,592.0,170.0,2821.0,177.0,3899.0,46.0,136.0,3114.0,0.0,4313.0,9.0,70.0,39.0,100.0,25.0,839.0,14.0,4694.0,0.0,0.0,54.0,47.0,18.0,0.0,122.0,49.0,8.0,6.0,1316.0,76.0,401.0,515.0,523.0,1667.0,12.0,275.0,13.0,28.0,395.0,308.0
104,104,13.0,16.0,130.0,524.0,14.0,59.0,352.0,400.0,89.0,2537.0,178.0,3030.0,5.0,69.0,1613.0,0.0,3579.0,9.0,33.0,66.0,48.0,2.0,727.0,12.0,4092.0,15.0,0.0,9.0,11.0,21.0,1.0,102.0,68.0,6.0,9.0,1174.0,95.0,318.0,598.0,310.0,2186.0,0.0,250.0,14.0,17.0,464.0,266.0
105,105,21.0,8.0,106.0,538.0,10.0,21.0,341.0,279.0,68.0,2082.0,144.0,3116.0,23.0,90.0,2673.0,0.0,3489.0,1.0,31.0,50.0,54.0,14.0,992.0,10.0,3153.0,4.0,1.0,8.0,11.0,4.0,0.0,50.0,26.0,9.0,2.0,964.0,73.0,260.0,349.0,333.0,2558.0,0.0,424.0,27.0,7.0,437.0,325.0
106,106,8.0,13.0,191.0,1560.0,28.0,45.0,362.0,254.0,82.0,2486.0,193.0,4424.0,41.0,97.0,5497.0,0.0,4178.0,4.0,25.0,54.0,67.0,0.0,832.0,9.0,2972.0,0.0,0.0,0.0,15.0,2.0,0.0,222.0,54.0,6.0,9.0,868.0,78.0,268.0,514.0,246.0,2774.0,16.0,411.0,66.0,8.0,479.0,270.0
107,107,19.0,14.0,136.0,1633.0,34.0,27.0,447.0,583.0,162.0,2866.0,170.0,3820.0,29.0,76.0,2633.0,0.0,4326.0,0.0,22.0,37.0,73.0,12.0,1068.0,7.0,2667.0,0.0,0.0,21.0,66.0,9.0,0.0,115.0,66.0,13.0,5.0,734.0,111.0,380.0,643.0,337.0,3388.0,20.0,408.0,28.0,28.0,604.0,392.0
108,108,24.0,9.0,78.0,1675.0,53.0,52.0,476.0,315.0,130.0,3380.0,198.0,3818.0,32.0,132.0,2641.0,0.0,5065.0,11.0,15.0,50.0,111.0,30.0,724.0,12.0,3786.0,6.0,0.0,58.0,71.0,9.0,0.0,105.0,107.0,10.0,15.0,1061.0,114.0,336.0,750.0,491.0,3448.0,34.0,445.0,114.0,20.0,623.0,397.0
109,109,21.0,14.0,155.0,1395.0,46.0,58.0,575.0,346.0,116.0,3609.0,194.0,3836.0,25.0,120.0,405.0,0.0,5292.0,0.0,0.0,23.0,71.0,5.0,709.0,15.0,3493.0,1.0,0.0,90.0,36.0,7.0,1.0,110.0,36.0,4.0,0.0,1235.0,0.0,461.0,181.0,360.0,4070.0,9.0,372.0,72.0,36.0,688.0,301.0
110,110,9.0,8.0,59.0,722.0,32.0,44.0,518.0,325.0,105.0,2458.0,169.0,-713.0,53.0,192.0,2569.0,0.0,4956.0,5.0,0.0,18.0,82.0,8.0,778.0,6.0,3491.0,21.0,1.0,59.0,57.0,30.0,0.0,87.0,53.0,1.0,4.0,1140.0,193.0,363.0,663.0,351.0,4785.0,20.0,304.0,40.0,13.0,532.0,644.0
111,111,14.0,9.0,48.0,444.0,37.0,15.0,510.0,336.0,133.0,1775.0,142.0,2218.0,16.0,102.0,785.0,1.0,4721.0,0.0,28.0,39.0,68.0,1.0,493.0,11.0,3047.0,4.0,0.0,28.0,13.0,15.0,0.0,121.0,37.0,4.0,1.0,1066.0,84.0,545.0,521.0,328.0,6060.0,6.0,324.0,72.0,13.0,388.0,343.0
112,112,22.0,4.0,73.0,1278.0,14.0,31.0,457.0,168.0,127.0,1785.0,131.0,2951.0,7.0,85.0,2051.0,0.0,3853.0,0.0,10.0,10.0,114.0,2.0,401.0,2.0,2256.0,0.0,0.0,24.0,8.0,12.0,0.0,76.0,18.0,12.0,4.0,750.0,45.0,306.0,657.0,190.0,4268.0,1.0,312.0,12.0,5.0,461.0,261.0
113,113,25.0,0.0,50.0,1270.0,46.0,40.0,459.0,155.0,127.0,2237.0,180.0,2312.0,17.0,146.0,2667.0,0.0,4854.0,0.0,156.0,27.0,70.0,7.0,388.0,5.0,2729.0,6.0,0.0,20.0,60.0,9.0,0.0,66.0,6.0,1.0,1.0,729.0,53.0,263.0,516.0,306.0,5642.0,14.0,260.0,26.0,5.0,707.0,415.0
114,114,25.0,6.0,91.0,778.0,49.0,27.0,558.0,205.0,95.0,2352.0,217.0,2916.0,7.0,115.0,1827.0,0.0,4760.0,4.0,7.0,42.0,116.0,0.0,631.0,7.0,3370.0,0.0,0.0,28.0,36.0,13.0,0.0,164.0,28.0,0.0,2.0,708.0,84.0,313.0,603.0,468.0,5236.0,12.0,224.0,45.0,13.0,722.0,467.0
115,115,29.0,1.0,61.0,976.0,73.0,46.0,741.0,228.0,52.0,2337.0,161.0,2114.0,33.0,155.0,1653.0,2.0,5487.0,2.0,55.0,31.0,99.0,0.0,936.0,4.0,2646.0,21.0,0.0,12.0,11.0,17.0,0.0,148.0,41.0,2.0,4.0,887.0,95.0,342.0,371.0,386.0,4774.0,13.0,162.0,81.0,13.0,758.0,578.0
116,116,15.0,7.0,83.0,811.0,91.0,7.0,751.0,181.0,85.0,2055.0,137.0,2506.0,13.0,111.0,1773.0,0.0,5158.0,0.0,27.0,28.0,60.0,1.0,577.0,0.0,3021.0,2.0,0.0,0.0,30.0,6.0,0.0,184.0,26.0,1.0,0.0,806.0,63.0,381.0,918.0,321.0,5849.0,12.0,207.0,35.0,7.0,780.0,477.0
117,117,34.0,2.0,66.0,388.0,59.0,65.0,817.0,216.0,79.0,1737.0,235.0,1641.0,30.0,80.0,1537.0,0.0,4970.0,0.0,16.0,7.0,57.0,0.0,377.0,1.0,2357.0,2.0,1.0,16.0,16.0,20.0,0.0,194.0,41.0,2.0,1.0,655.0,59.0,381.0,412.0,218.0,5966.0,0.0,296.0,13.0,15.0,473.0,478.0
118,118,14.0,7.0,55.0,205.0,53.0,31.0,873.0,167.0,52.0,1018.0,130.0,1660.0,8.0,101.0,461.0,0.0,3748.0,2.0,0.0,14.0,83.0,0.0,701.0,2.0,2324.0,1.0,0.0,12.0,12.0,8.0,0.0,104.0,19.0,0.0,1.0,655.0,38.0,344.0,163.0,401.0,6361.0,25.0,263.0,6.0,19.0,300.0,492.0
119,119,10.0,3.0,67.0,755.0,63.0,48.0,826.0,103.0,45.0,1144.0,123.0,1525.0,4.0,119.0,1195.0,0.0,3473.0,0.0,28.0,9.0,66.0,0.0,386.0,0.0,1739.0,2.0,0.0,11.0,6.0,6.0,1.0,73.0,13.0,8.0,0.0,400.0,28.0,285.0,298.0,303.0,6198.0,0.0,233.0,2.0,0.0,563.0,392.0
120,120,14.0,0.0,58.0,569.0,36.0,24.0,919.0,100.0,55.0,1304.0,153.0,847.0,13.0,45.0,1065.0,0.0,4706.0,0.0,0.0,8.0,78.0,1.0,229.0,3.0,2091.0,1.0,0.0,-105.0,12.0,18.0,0.0,157.0,22.0,5.0,0.0,171.0,72.0,316.0,180.0,277.0,6411.0,15.0,222.0,3.0,1.0,742.0,401.0
121,121,16.0,0.0,50.0,522.0,48.0,101.0,973.0,143.0,75.0,1478.0,157.0,1241.0,6.0,166.0,1607.0,0.0,4729.0,4.0,42.0,15.0,48.0,4.0,376.0,2.0,2086.0,2.0,0.0,31.0,28.0,13.0,0.0,133.0,21.0,2.0,1.0,386.0,62.0,422.0,368.0,362.0,5841.0,10.0,227.0,7.0,10.0,799.0,456.0
122,122,7.0,2.0,60.0,586.0,59.0,68.0,846.0,179.0,103.0,1639.0,150.0,1387.0,23.0,89.0,1139.0,0.0,5442.0,0.0,15.0,14.0,88.0,2.0,359.0,0.0,1872.0,0.0,0.0,10.0,15.0,9.0,0.0,126.0,23.0,2.0,0.0,514.0,43.0,237.0,295.0,262.0,7099.0,6.0,285.0,5.0,11.0,636.0,540.0
123,123,9.0,1.0,34.0,237.0,82.0,25.0,890.0,119.0,55.0,945.0,153.0,1234.0,5.0,56.0,604.0,0.0,4966.0,1.0,0.0,9.0,79.0,1.0,221.0,1.0,1965.0,0.0,0.0,14.0,18.0,12.0,0.0,83.0,29.0,1.0,0.0,475.0,49.0,228.0,364.0,327.0,7933.0,11.0,196.0,7.0,5.0,532.0,455.0
124,124,7.0,1.0,12.0,286.0,6.0,58.0,911.0,112.0,18.0,793.0,96.0,935.0,5.0,128.0,794.0,0.0,4737.0,0.0,29.0,3.0,56.0,4.0,343.0,0.0,1900.0,5.0,0.0,7.0,10.0,1.0,0.0,72.0,12.0,9.0,0.0,445.0,0.0,270.0,-161.0,165.0,9623.0,0.0,157.0,4.0,5.0,299.0,550.0
125,125,6.0,1.0,68.0,140.0,24.0,17.0,877.0,88.0,26.0,679.0,116.0,466.0,1.0,75.0,308.0,0.0,3229.0,0.0,6.0,8.0,37.0,1.0,330.0,1.0,1389.0,1.0,0.0,4.0,12.0,8.0,0.0,69.0,5.0,3.0,0.0,335.0,50.0,318.0,334.0,431.0,10633.0,2.0,102.0,1.0,0.0,261.0,502.0
126,126,8.0,2.0,31.0,670.0,34.0,69.0,784.0,76.0,38.0,685.0,147.0,1039.0,3.0,73.0,576.0,0.0,2982.0,0.0,6.0,5.0,30.0,4.0,216.0,0.0,1221.0,1.0,0.0,9.0,4.0,17.0,0.0,127.0,7.0,1.0,1.0,199.0,38.0,313.0,0.0,349.0,10581.0,0.0,93.0,5.0,6.0,477.0,418.0
127,127,17.0,1.0,17.0,547.0,37.0,20.0,861.0,28.0,77.0,947.0,151.0,880.0,8.0,85.0,1104.0,0.0,3389.0,0.0,10.0,11.0,46.0,1.0,261.0,0.0,1075.0,0.0,0.0,4.0,12.0,0.0,0.0,115.0,8.0,3.0,1.0,317.0,56.0,425.0,178.0,325.0,10102.0,7.0,120.0,8.0,3.0,657.0,366.0
128,128,12.0,0.0,65.0,552.0,89.0,40.0,905.0,51.0,78.0,1284.0,162.0,921.0,2.0,161.0,4183.0,0.0,3682.0,0.0,21.0,7.0,39.0,1.0,265.0,0.0,1444.0,0.0,0.0,5.0,11.0,4.0,0.0,113.0,13.0,2.0,0.0,232.0,50.0,309.0,480.0,270.0,10559.0,19.0,114.0,8.0,1.0,745.0,487.0
129,129,10.0,1.0,22.0,442.0,51.0,41.0,913.0,66.0,57.0,1209.0,100.0,1173.0,7.0,100.0,629.0,0.0,3827.0,0.0,15.0,6.0,28.0,2.0,137.0,2.0,1401.0,0.0,0.0,5.0,8.0,9.0,0.0,129.0,33.0,3.0,0.0,455.0,42.0,307.0,533.0,392.0,11231.0,14.0,57.0,16.0,1.0,784.0,507.0
130,130,8.0,0.0,62.0,483.0,82.0,43.0,933.0,81.0,46.0,1251.0,135.0,743.0,5.0,65.0,642.0,0.0,3767.0,0.0,13.0,36.0,35.0,0.0,156.0,0.0,1327.0,0.0,0.0,3.0,12.0,19.0,0.0,123.0,14.0,1.0,0.0,319.0,39.0,319.0,553.0,312.0,10699.0,1.0,95.0,10.0,4.0,700.0,504.0
131,131,6.0,2.0,42.0,240.0,44.0,22.0,951.0,44.0,18.0,667.0,101.0,3416.0,8.0,142.0,433.0,0.0,3063.0,0.0,19.0,15.0,50.0,1.0,219.0,0.0,1083.0,0.0,0.0,8.0,6.0,2.0,0.0,139.0,36.0,6.0,0.0,289.0,35.0,285.0,138.0,320.0,10817.0,14.0,89.0,0.0,3.0,509.0,515.0
132,132,12.0,1.0,10.0,118.0,10.0,25.0,921.0,54.0,28.0,357.0,110.0,393.0,6.0,82.0,209.0,0.0,2157.0,0.0,6.0,11.0,21.0,0.0,236.0,0.0,802.0,1.0,0.0,35.0,9.0,9.0,0.0,60.0,20.0,7.0,0.0,245.0,30.0,345.0,175.0,231.0,11012.0,-9.0,82.0,2.0,3.0,279.0,522.0
133,133,4.0,1.0,87.0,476.0,25.0,25.0,933.0,39.0,53.0,933.0,84.0,482.0,2.0,22.0,456.0,0.0,2329.0,0.0,10.0,9.0,29.0,0.0,139.0,0.0,744.0,0.0,0.0,6.0,2.0,7.0,0.0,68.0,22.0,3.0,0.0,161.0,7.0,330.0,98.0,226.0,11656.0,0.0,62.0,0.0,1.0,455.0,416.0
134,134,4.0,2.0,36.0,395.0,33.0,16.0,967.0,36.0,45.0,798.0,78.0,439.0,5.0,19.0,708.0,0.0,3586.0,0.0,18.0,11.0,28.0,1.0,107.0,0.0,1402.0,1.0,0.0,6.0,6.0,4.0,0.0,159.0,10.0,2.0,0.0,196.0,29.0,595.0,234.0,190.0,10899.0,10.0,67.0,8.0,2.0,754.0,375.0
135,135,4.0,2.0,54.0,321.0,46.0,23.0,952.0,33.0,48.0,933.0,76.0,849.0,5.0,51.0,507.0,0.0,3402.0,0.0,16.0,6.0,39.0,1.0,159.0,1.0,888.0,1.0,0.0,14.0,10.0,1.0,0.0,252.0,20.0,14.0,0.0,227.0,23.0,283.0,219.0,224.0,10028.0,5.0,52.0,4.0,1.0,698.0,402.0
136,136,18.0,1.0,41.0,305.0,31.0,35.0,947.0,50.0,82.0,913.0,46.0,643.0,7.0,91.0,622.0,0.0,3307.0,0.0,10.0,8.0,37.0,0.0,426.0,0.0,992.0,1.0,0.0,6.0,11.0,11.0,0.0,147.0,29.0,10.0,0.0,270.0,17.0,411.0,187.0,245.0,9974.0,5.0,79.0,8.0,1.0,657.0,422.0
137,137,18.0,0.0,63.0,347.0,38.0,21.0,958.0,51.0,55.0,620.0,78.0,515.0,8.0,83.0,563.0,0.0,2628.0,0.0,40.0,1.0,56.0,2.0,129.0,0.0,789.0,0.0,0.0,12.0,8.0,8.0,0.0,192.0,17.0,14.0,0.0,200.0,22.0,401.0,264.0,190.0,10598.0,4.0,64.0,3.0,0.0,688.0,483.0
138,138,17.0,0.0,72.0,147.0,73.0,30.0,951.0,58.0,49.0,583.0,67.0,652.0,4.0,58.0,372.0,0.0,2526.0,0.0,9.0,2.0,36.0,1.0,92.0,0.0,875.0,5.0,0.0,11.0,7.0,27.0,0.0,189.0,22.0,7.0,0.0,189.0,0.0,241.0,227.0,267.0,9200.0,1.0,58.0,13.0,1.0,358.0,528.0
139,139,13.0,0.0,14.0,81.0,24.0,22.0,969.0,15.0,20.0,342.0,69.0,256.0,4.0,61.0,120.0,0.0,2079.0,0.0,15.0,2.0,26.0,0.0,64.0,0.0,675.0,0.0,0.0,7.0,15.0,11.0,0.0,126.0,30.0,5.0,0.0,125.0,0.0,272.0,226.0,167.0,9709.0,1.0,114.0,1.0,0.0,259.0,433.0
140,140,2.0,0.0,25.0,317.0,24.0,14.0,922.0,10.0,111.0,513.0,41.0,431.0,10.0,33.0,492.0,0.0,1838.0,0.0,2.0,2.0,21.0,0.0,88.0,0.0,451.0,1.0,0.0,6.0,2.0,1.0,1.0,78.0,25.0,11.0,0.0,146.0,52.0,356.0,173.0,165.0,8926.0,0.0,89.0,1.0,1.0,430.0,325.0
141,141,1.0,0.0,78.0,292.0,33.0,16.0,936.0,21.0,61.0,797.0,76.0,518.0,7.0,19.0,524.0,0.0,2589.0,0.0,4.0,4.0,42.0,0.0,51.0,0.0,813.0,0.0,0.0,15.0,11.0,3.0,0.0,202.0,22.0,15.0,0.0,108.0,8.0,383.0,223.0,155.0,9263.0,1.0,34.0,0.0,1.0,666.0,260.0
142,142,15.0,1.0,18.0,385.0,39.0,15.0,918.0,40.0,74.0,745.0,73.0,482.0,3.0,44.0,418.0,0.0,3052.0,0.0,10.0,2.0,43.0,1.0,64.0,1.0,665.0,3.0,0.0,15.0,13.0,4.0,0.0,213.0,19.0,15.0,0.0,198.0,11.0,471.0,228.0,196.0,8764.0,1.0,100.0,1.0,0.0,808.0,354.0
143,143,5.0,0.0,57.0,70.0,41.0,18.0,945.0,36.0,33.0,460.0,65.0,1787.0,6.0,50.0,318.0,0.0,2718.0,0.0,3.0,3.0,37.0,0.0,76.0,0.0,642.0,0.0,0.0,17.0,9.0,9.0,0.0,151.0,40.0,1.0,0.0,253.0,0.0,404.0,252.0,198.0,8849.0,2.0,86.0,6.0,0.0,610.0,476.0
144,144,12.0,0.0,29.0,248.0,36.0,20.0,932.0,13.0,59.0,638.0,48.0,466.0,7.0,44.0,403.0,0.0,2574.0,0.0,20.0,6.0,35.0,0.0,115.0,0.0,652.0,0.0,0.0,10.0,1.0,5.0,0.0,143.0,23.0,9.0,0.0,188.0,41.0,476.0,288.0,127.0,8894.0,3.0,105.0,1.0,0.0,532.0,442.0
145,145,8.0,0.0,46.0,123.0,0.0,19.0,941.0,18.0,77.0,431.0,59.0,482.0,14.0,31.0,240.0,0.0,2062.0,0.0,3.0,0.0,28.0,0.0,76.0,1.0,669.0,0.0,0.0,12.0,9.0,16.0,0.0,147.0,20.0,1.0,0.0,176.0,0.0,312.0,271.0,145.0,9434.0,4.0,68.0,1.0,0.0,403.0,432.0
146,146,9.0,1.0,32.0,75.0,25.0,9.0,954.0,11.0,67.0,289.0,71.0,-372.0,2.0,11.0,115.0,0.0,1527.0,0.0,2.0,1.0,15.0,0.0,57.0,0.0,531.0,0.0,0.0,7.0,2.0,1.0,0.0,99.0,37.0,1.0,0.0,172.0,0.0,395.0,152.0,213.0,8599.0,0.0,67.0,5.0,1.0,210.0,406.0
147,147,6.0,0.0,20.0,314.0,0.0,5.0,946.0,10.0,47.0,432.0,27.0,859.0,1.0,20.0,358.0,0.0,1364.0,0.0,4.0,0.0,15.0,0.0,59.0,0.0,300.0,1.0,0.0,12.0,1.0,2.0,0.0,54.0,21.0,0.0,0.0,209.0,43.0,305.0,165.0,213.0,8946.0,1.0,34.0,2.0,0.0,491.0,259.0
148,148,25.0,0.0,38.0,202.0,27.0,10.0,915.0,15.0,46.0,362.0,41.0,510.0,10.0,29.0,276.0,0.0,1624.0,0.0,10.0,0.0,22.0,0.0,37.0,0.0,397.0,0.0,0.0,4.0,2.0,4.0,0.0,158.0,16.0,1.0,0.0,133.0,12.0,443.0,219.0,146.0,8915.0,0.0,34.0,2.0,0.0,746.0,339.0
149,149,21.0,0.0,18.0,182.0,0.0,19.0,897.0,0.0,36.0,353.0,52.0,1137.0,6.0,64.0,191.0,0.0,1672.0,0.0,11.0,0.0,23.0,0.0,68.0,1.0,584.0,1.0,0.0,8.0,6.0,4.0,0.0,232.0,25.0,4.0,0.0,190.0,19.0,399.0,285.0,165.0,8338.0,1.0,48.0,2.0,2.0,800.0,321.0
150,150,26.0,0.0,28.0,171.0,25.0,28.0,902.0,35.0,54.0,741.0,32.0,658.0,11.0,51.0,3325.0,0.0,1835.0,0.0,3.0,1.0,25.0,0.0,38.0,0.0,593.0,0.0,0.0,9.0,7.0,4.0,0.0,188.0,38.0,0.0,0.0,182.0,18.0,352.0,304.0,197.0,8371.0,3.0,25.0,5.0,2.0,774.0,477.0
151,151,23.0,1.0,51.0,165.0,14.0,22.0,906.0,32.0,56.0,738.0,81.0,664.0,8.0,33.0,597.0,0.0,1760.0,0.0,3.0,0.0,0.0,0.0,35.0,0.0,516.0,0.0,0.0,6.0,4.0,3.0,0.0,171.0,52.0,2.0,0.0,176.0,10.0,330.0,350.0,191.0,8572.0,1.0,54.0,0.0,0.0,773.0,429.0
152,152,23.0,0.0,44.0,61.0,14.0,9.0,894.0,17.0,34.0,286.0,40.0,201.0,6.0,50.0,1828.0,0.0,1527.0,0.0,6.0,1.0,26.0,0.0,53.0,1.0,416.0,0.0,0.0,8.0,4.0,1.0,0.0,202.0,34.0,0.0,0.0,131.0,0.0,416.0,257.0,151.0,8952.0,0.0,27.0,1.0,0.0,432.0,393.0
153,153,15.0,0.0,4.0,49.0,0.0,16.0,898.0,17.0,43.0,333.0,36.0,209.0,4.0,33.0,257.0,0.0,1125.0,0.0,2.0,0.0,9.0,0.0,61.0,0.0,355.0,0.0,0.0,5.0,2.0,1.0,0.0,153.0,62.0,1.0,0.0,185.0,0.0,215.0,297.0,124.0,9268.0,0.0,31.0,1.0,0.0,265.0,468.0
154,154,6.0,1.0,21.0,59.0,0.0,14.0,847.0,9.0,29.0,213.0,30.0,294.0,1.0,26.0,338.0,0.0,1079.0,0.0,1.0,0.0,45.0,0.0,72.0,0.0,178.0,0.0,0.0,3.0,1.0,5.0,0.0,109.0,89.0,1.0,0.0,103.0,0.0,379.0,200.0,141.0,9035.0,16.0,18.0,0.0,2.0,648.0,340.0
155,155,21.0,79.0,11.0,183.0,25.0,11.0,852.0,3.0,62.0,342.0,35.0,394.0,0.0,2.0,-766.0,0.0,1441.0,0.0,19.0,0.0,10.0,0.0,4.0,0.0,318.0,0.0,0.0,4.0,1.0,8.0,0.0,188.0,76.0,2.0,0.0,102.0,35.0,230.0,195.0,119.0,8863.0,0.0,24.0,0.0,0.0,900.0,328.0
156,156,20.0,7.0,31.0,159.0,47.0,16.0,861.0,19.0,74.0,394.0,37.0,334.0,10.0,24.0,352.0,0.0,1484.0,0.0,0.0,0.0,0.0,0.0,45.0,0.0,321.0,1.0,0.0,2.0,0.0,0.0,0.0,247.0,101.0,0.0,0.0,86.0,0.0,292.0,366.0,152.0,8536.0,0.0,69.0,3.0,2.0,1046.0,483.0
157,157,13.0,1.0,36.0,172.0,0.0,43.0,865.0,20.0,56.0,507.0,40.0,318.0,10.0,0.0,767.0,0.0,1356.0,0.0,15.0,1.0,23.0,0.0,31.0,0.0,177.0,0.0,0.0,3.0,7.0,3.0,0.0,223.0,120.0,3.0,0.0,209.0,31.0,361.0,331.0,238.0,8831.0,0.0,48.0,1.0,2.0,1039.0,588.0
158,158,15.0,0.0,62.0,154.0,83.0,12.0,887.0,23.0,35.0,407.0,64.0,332.0,20.0,30.0,611.0,0.0,1243.0,0.0,15.0,0.0,16.0,0.0,21.0,0.0,518.0,0.0,0.0,7.0,5.0,0.0,0.0,229.0,180.0,2.0,0.0,210.0,27.0,371.0,377.0,196.0,8726.0,0.0,96.0,0.0,5.0,1146.0,553.0
159,159,20.0,0.0,19.0,69.0,43.0,31.0,883.0,20.0,38.0,301.0,49.0,240.0,21.0,23.0,579.0,0.0,1120.0,0.0,13.0,0.0,0.0,0.0,20.0,0.0,270.0,2.0,0.0,11.0,3.0,4.0,0.0,264.0,125.0,2.0,0.0,183.0,0.0,567.0,382.0,187.0,8855.0,0.0,74.0,2.0,1.0,780.0,550.0
160,160,14.0,0.0,46.0,53.0,16.0,37.0,879.0,9.0,61.0,214.0,24.0,167.0,8.0,17.0,343.0,0.0,801.0,0.0,17.0,0.0,0.0,0.0,18.0,1.0,197.0,0.0,0.0,9.0,4.0,2.0,0.0,189.0,111.0,1.0,0.0,239.0,0.0,575.0,142.0,189.0,8984.0,0.0,82.0,0.0,0.0,462.0,485.0
161,161,17.0,0.0,21.0,153.0,83.0,30.0,823.0,7.0,69.0,350.0,14.0,249.0,1.0,20.0,211.0,0.0,721.0,0.0,52.0,0.0,44.0,0.0,6.0,0.0,280.0,1.0,0.0,6.0,1.0,0.0,0.0,107.0,127.0,2.0,0.0,165.0,43.0,599.0,392.0,125.0,8985.0,0.0,73.0,2.0,0.0,677.0,463.0
162,162,36.0,0.0,13.0,145.0,79.0,24.0,812.0,16.0,54.0,318.0,39.0,314.0,7.0,24.0,403.0,0.0,1099.0,0.0,9.0,0.0,3.0,0.0,8.0,0.0,283.0,1.0,0.0,7.0,6.0,1.0,0.0,218.0,87.0,3.0,0.0,164.0,16.0,400.0,421.0,145.0,8595.0,1.0,69.0,1.0,1.0,937.0,394.0
163,163,42.0,0.0,34.0,119.0,104.0,49.0,801.0,23.0,73.0,555.0,15.0,427.0,11.0,15.0,545.0,0.0,1158.0,0.0,10.0,2.0,10.0,0.0,16.0,0.0,202.0,0.0,0.0,6.0,3.0,3.0,0.0,296.0,125.0,5.0,0.0,184.0,13.0,197.0,294.0,196.0,8404.0,3.0,66.0,2.0,2.0,1437.0,525.0
164,164,44.0,0.0,28.0,95.0,93.0,55.0,750.0,33.0,62.0,258.0,19.0,502.0,7.0,24.0,425.0,0.0,1199.0,0.0,20.0,0.0,12.0,0.0,7.0,0.0,379.0,0.0,0.0,19.0,3.0,2.0,0.0,406.0,175.0,5.0,0.0,164.0,18.0,444.0,310.0,237.0,8779.0,0.0,71.0,8.0,0.0,1293.0,689.0
165,165,31.0,1.0,30.0,89.0,105.0,61.0,704.0,19.0,52.0,348.0,64.0,396.0,5.0,9.0,726.0,0.0,1017.0,0.0,20.0,0.0,14.0,0.0,12.0,1.0,163.0,0.0,0.0,4.0,3.0,2.0,0.0,366.0,164.0,1.0,0.0,210.0,12.0,376.0,270.0,222.0,8987.0,3.0,73.0,1.0,2.0,1329.0,683.0
166,166,48.0,0.0,20.0,49.0,75.0,48.0,721.0,31.0,53.0,247.0,40.0,323.0,3.0,14.0,526.0,0.0,1052.0,0.0,4.0,2.0,11.0,0.0,45.0,2.0,346.0,0.0,0.0,7.0,8.0,1.0,0.0,366.0,196.0,2.0,0.0,179.0,0.0,440.0,283.0,275.0,8706.0,0.0,76.0,3.0,2.0,1032.0,753.0
167,167,57.0,0.0,24.0,22.0,24.0,61.0,732.0,23.0,33.0,192.0,54.0,181.0,0.0,17.0,407.0,0.0,890.0,0.0,9.0,1.0,12.0,0.0,8.0,0.0,338.0,0.0,0.0,5.0,7.0,0.0,0.0,281.0,155.0,2.0,1.0,143.0,0.0,375.0,227.0,320.0,8835.0,0.0,59.0,3.0,3.0,418.0,648.0
168,168,69.0,0.0,27.0,147.0,51.0,38.0,707.0,14.0,40.0,378.0,24.0,219.0,1.0,4.0,152.0,0.0,822.0,0.0,13.0,2.0,1.0,0.0,18.0,1.0,301.0,3.0,0.0,5.0,2.0,0.0,0.0,139.0,100.0,6.0,1.0,165.0,25.0,396.0,346.0,166.0,8246.0,0.0,57.0,4.0,1.0,685.0,656.0
169,169,82.0,1.0,33.0,99.0,112.0,45.0,689.0,15.0,47.0,345.0,33.0,355.0,1.0,4.0,344.0,0.0,1043.0,0.0,14.0,1.0,1.0,0.0,13.0,1.0,210.0,0.0,0.0,3.0,3.0,1.0,0.0,375.0,132.0,6.0,0.0,139.0,0.0,407.0,300.0,250.0,8248.0,0.0,59.0,0.0,3.0,1209.0,666.0
170,170,50.0,0.0,17.0,123.0,89.0,60.0,663.0,37.0,51.0,580.0,44.0,585.0,2.0,5.0,458.0,0.0,1102.0,0.0,55.0,3.0,1.0,0.0,7.0,0.0,328.0,2.0,0.0,2.0,10.0,6.0,0.0,478.0,193.0,1.0,7.0,117.0,29.0,506.0,336.0,345.0,7843.0,2.0,96.0,9.0,4.0,1457.0,758.0
171,171,66.0,1.0,40.0,108.0,132.0,58.0,625.0,17.0,68.0,770.0,50.0,307.0,0.0,0.0,467.0,0.0,1013.0,0.0,24.0,11.0,2.0,0.0,14.0,2.0,331.0,0.0,0.0,6.0,6.0,4.0,0.0,374.0,182.0,0.0,4.0,115.0,32.0,314.0,417.0,320.0,7790.0,0.0,94.0,1.0,8.0,1494.0,829.0
172,172,50.0,0.0,30.0,121.0,81.0,86.0,676.0,92.0,176.0,601.0,47.0,363.0,2.0,16.0,811.0,0.0,1027.0,0.0,10.0,11.0,5.0,0.0,13.0,1.0,-148.0,0.0,0.0,8.0,8.0,2.0,0.0,450.0,156.0,1.0,18.0,107.0,0.0,301.0,375.0,320.0,7972.0,0.0,93.0,14.0,2.0,1209.0,921.0
173,173,53.0,0.0,62.0,50.0,117.0,66.0,603.0,0.0,42.0,687.0,0.0,334.0,2.0,9.0,641.0,0.0,986.0,0.0,19.0,19.0,8.0,0.0,6.0,0.0,264.0,0.0,0.0,3.0,6.0,1.0,0.0,397.0,185.0,1.0,4.0,76.0,16.0,304.0,377.0,330.0,7889.0,0.0,94.0,10.0,6.0,698.0,841.0
174,174,36.0,0.0,38.0,20.0,33.0,77.0,569.0,0.0,50.0,537.0,0.0,232.0,0.0,1.0,284.0,0.0,687.0,0.0,10.0,18.0,8.0,0.0,5.0,0.0,224.0,0.0,0.0,3.0,15.0,0.0,1.0,247.0,101.0,0.0,3.0,91.0,0.0,311.0,292.0,315.0,7728.0,0.0,91.0,1.0,1.0,321.0,735.0
175,175,68.0,0.0,35.0,143.0,79.0,93.0,518.0,18.0,63.0,503.0,136.0,248.0,0.0,1.0,373.0,0.0,639.0,0.0,21.0,19.0,5.0,0.0,4.0,0.0,221.0,0.0,0.0,3.0,1.0,0.0,0.0,163.0,90.0,0.0,5.0,65.0,37.0,296.0,259.0,246.0,7600.0,2.0,96.0,1.0,1.0,800.0,681.0
176,176,52.0,0.0,31.0,110.0,130.0,63.0,464.0,22.0,89.0,587.0,34.0,334.0,1.0,11.0,517.0,0.0,896.0,0.0,15.0,30.0,0.0,0.0,8.0,0.0,113.0,0.0,0.0,2.0,12.0,0.0,0.0,351.0,118.0,0.0,11.0,64.0,6.0,300.0,345.0,214.0,7425.0,0.0,102.0,1.0,13.0,1309.0,833.0
177,177,67.0,0.0,33.0,100.0,128.0,88.0,458.0,44.0,127.0,630.0,54.0,400.0,1.0,12.0,81.0,0.0,886.0,0.0,8.0,22.0,7.0,0.0,5.0,2.0,577.0,1.0,0.0,1.0,7.0,0.0,1.0,364.0,136.0,3.0,11.0,82.0,26.0,294.0,367.0,321.0,7176.0,0.0,143.0,18.0,7.0,1698.0,940.0
178,178,78.0,0.0,47.0,76.0,166.0,119.0,437.0,52.0,93.0,477.0,21.0,419.0,1.0,5.0,0.0,0.0,778.0,0.0,11.0,95.0,9.0,0.0,9.0,1.0,296.0,0.0,0.0,2.0,11.0,0.0,0.0,375.0,153.0,2.0,25.0,110.0,16.0,298.0,311.0,460.0,7113.0,0.0,137.0,23.0,6.0,1279.0,994.0
179,179,77.0,0.0,67.0,113.0,105.0,140.0,331.0,58.0,168.0,687.0,39.0,564.0,2.0,19.0,1588.0,0.0,721.0,0.0,22.0,56.0,4.0,0.0,9.0,2.0,255.0,0.0,0.0,2.0,22.0,1.0,0.0,323.0,163.0,0.0,25.0,91.0,22.0,276.0,451.0,411.0,6800.0,0.0,193.0,13.0,11.0,1204.0,1109.0
180,180,61.0,0.0,64.0,41.0,112.0,173.0,382.0,69.0,260.0,256.0,0.0,301.0,0.0,0.0,0.0,0.0,671.0,0.0,23.0,85.0,11.0,0.0,23.0,0.0,175.0,0.0,0.0,5.0,44.0,3.0,1.0,304.0,150.0,0.0,30.0,69.0,0.0,319.0,323.0,325.0,6852.0,0.0,227.0,14.0,14.0,755.0,948.0
181,181,72.0,0.0,63.0,24.0,66.0,108.0,380.0,62.0,305.0,262.0,0.0,200.0,1.0,0.0,0.0,0.0,649.0,0.0,10.0,67.0,4.0,0.0,2.0,1.0,174.0,0.0,0.0,3.0,25.0,1.0,0.0,170.0,176.0,0.0,12.0,73.0,0.0,193.0,457.0,291.0,6791.0,0.0,254.0,7.0,9.0,415.0,917.0
182,182,64.0,0.0,41.0,127.0,140.0,128.0,315.0,35.0,202.0,498.0,76.0,301.0,0.0,18.0,1324.0,0.0,446.0,0.0,14.0,34.0,3.0,0.0,23.0,1.0,126.0,0.0,0.0,0.0,14.0,1.0,0.0,107.0,132.0,0.0,20.0,76.0,40.0,247.0,266.0,269.0,6719.0,0.0,242.0,1.0,4.0,727.0,646.0
183,183,69.0,0.0,111.0,100.0,158.0,110.0,328.0,62.0,149.0,466.0,17.0,388.0,2.0,5.0,541.0,0.0,730.0,0.0,19.0,52.0,10.0,0.0,11.0,2.0,142.0,0.0,0.0,1.0,43.0,1.0,0.0,256.0,126.0,1.0,47.0,50.0,10.0,239.0,229.0,388.0,6693.0,0.0,276.0,2.0,15.0,804.0,706.0
184,184,45.0,0.0,37.0,135.0,165.0,153.0,306.0,220.0,92.0,503.0,26.0,444.0,0.0,22.0,918.0,0.0,617.0,0.0,23.0,54.0,2.0,0.0,4.0,1.0,182.0,0.0,0.0,1.0,46.0,3.0,0.0,285.0,120.0,0.0,28.0,62.0,22.0,382.0,313.0,326.0,6556.0,0.0,272.0,20.0,13.0,684.0,664.0
185,185,82.0,0.0,138.0,93.0,161.0,182.0,274.0,33.0,132.0,446.0,21.0,442.0,1.0,5.0,659.0,0.0,651.0,0.0,26.0,81.0,9.0,0.0,12.0,5.0,201.0,1.0,0.0,7.0,50.0,1.0,3.0,252.0,173.0,1.0,40.0,77.0,8.0,371.0,328.0,450.0,6760.0,0.0,359.0,13.0,20.0,687.0,889.0
186,186,90.0,0.0,121.0,94.0,182.0,172.0,299.0,133.0,141.0,422.0,17.0,0.0,1.0,28.0,582.0,0.0,602.0,0.0,28.0,96.0,6.0,0.0,9.0,0.0,223.0,0.0,1.0,3.0,52.0,0.0,0.0,295.0,0.0,0.0,47.0,75.0,0.0,259.0,374.0,420.0,6718.0,0.0,309.0,20.0,16.0,694.0,876.0
187,187,67.0,0.0,123.0,64.0,180.0,289.0,273.0,97.0,121.0,239.0,0.0,0.0,2.0,1.0,0.0,0.0,579.0,0.0,25.0,86.0,11.0,0.0,11.0,0.0,235.0,0.0,0.0,3.0,29.0,1.0,0.0,227.0,289.0,0.0,57.0,61.0,0.0,314.0,413.0,416.0,6632.0,0.0,325.0,29.0,30.0,364.0,914.0
188,188,74.0,0.0,73.0,24.0,63.0,144.0,284.0,70.0,75.0,219.0,0.0,1244.0,0.0,2.0,0.0,0.0,401.0,0.0,8.0,57.0,0.0,0.0,18.0,0.0,192.0,0.0,0.0,5.0,46.0,1.0,2.0,142.0,114.0,0.0,61.0,73.0,0.0,231.0,328.0,391.0,6736.0,0.0,302.0,15.0,21.0,315.0,823.0
189,189,71.0,0.0,57.0,112.0,174.0,64.0,250.0,46.0,51.0,390.0,46.0,341.0,1.0,3.0,1375.0,0.0,555.0,0.0,43.0,69.0,6.0,0.0,4.0,2.0,208.0,5.0,1.0,5.0,20.0,3.0,0.0,92.0,76.0,1.0,60.0,36.0,35.0,205.0,232.0,250.0,6611.0,0.0,289.0,1.0,16.0,251.0,543.0
190,190,74.0,0.0,89.0,99.0,188.0,161.0,199.0,54.0,119.0,397.0,10.0,383.0,1.0,1.0,475.0,1.0,704.0,0.0,27.0,52.0,16.0,0.0,7.0,1.0,137.0,0.0,0.0,3.0,61.0,7.0,0.0,235.0,118.0,0.0,66.0,37.0,6.0,257.0,287.0,397.0,6368.0,0.0,299.0,2.0,23.0,278.0,564.0
191,191,68.0,0.0,101.0,137.0,240.0,250.0,221.0,129.0,129.0,442.0,12.0,543.0,8.0,7.0,663.0,0.0,597.0,0.0,33.0,53.0,5.0,0.0,4.0,0.0,193.0,0.0,0.0,10.0,47.0,7.0,0.0,330.0,161.0,1.0,53.0,52.0,11.0,277.0,443.0,555.0,6562.0,1.0,357.0,31.0,24.0,533.0,807.0
192,192,82.0,0.0,97.0,124.0,330.0,219.0,187.0,88.0,105.0,395.0,16.0,852.0,8.0,4.0,621.0,0.0,693.0,0.0,50.0,91.0,10.0,0.0,23.0,0.0,214.0,0.0,0.0,3.0,69.0,13.0,0.0,195.0,166.0,0.0,59.0,52.0,7.0,262.0,418.0,614.0,6509.0,0.0,266.0,53.0,13.0,334.0,810.0
193,193,90.0,0.0,74.0,127.0,292.0,315.0,193.0,104.0,143.0,378.0,30.0,0.0,2.0,3.0,658.0,0.0,715.0,0.0,60.0,116.0,3.0,0.0,24.0,0.0,276.0,0.0,0.0,4.0,58.0,0.0,0.0,258.0,203.0,0.0,58.0,42.0,11.0,265.0,402.0,592.0,6635.0,0.0,386.0,19.0,17.0,369.0,819.0
194,194,93.0,0.0,108.0,62.0,211.0,318.0,163.0,108.0,53.0,248.0,0.0,0.0,1.0,0.0,0.0,0.0,565.0,0.0,40.0,140.0,6.0,0.0,22.0,0.0,188.0,0.0,0.0,4.0,65.0,19.0,1.0,284.0,197.0,0.0,87.0,81.0,0.0,305.0,542.0,698.0,6611.0,0.0,345.0,23.0,34.0,308.0,800.0
195,195,83.0,0.0,52.0,43.0,77.0,164.0,165.0,85.0,59.0,159.0,0.0,2045.0,0.0,2.0,0.0,0.0,442.0,0.0,31.0,50.0,5.0,0.0,17.0,0.0,234.0,0.0,0.0,4.0,83.0,0.0,0.0,174.0,144.0,0.0,57.0,101.0,0.0,370.0,291.0,456.0,6615.0,0.0,287.0,8.0,14.0,106.0,678.0
196,196,117.0,3.0,12.0,224.0,159.0,95.0,182.0,63.0,64.0,412.0,91.0,666.0,0.0,1.0,1625.0,0.0,361.0,0.0,23.0,53.0,13.0,0.0,10.0,0.0,169.0,4.0,0.0,5.0,31.0,1.0,0.0,57.0,86.0,0.0,232.0,71.0,16.0,299.0,306.0,413.0,6537.0,0.0,279.0,1.0,8.0,170.0,612.0
197,197,96.0,3.0,201.0,207.0,234.0,197.0,155.0,70.0,103.0,351.0,24.0,875.0,1.0,0.0,0.0,0.0,726.0,0.0,57.0,52.0,16.0,0.0,32.0,2.0,114.0,0.0,0.0,1.0,100.0,4.0,0.0,269.0,131.0,0.0,69.0,53.0,3.0,267.0,233.0,637.0,6248.0,0.0,344.0,6.0,10.0,312.0,638.0
198,198,85.0,1.0,55.0,260.0,232.0,231.0,174.0,132.0,134.0,534.0,31.0,1361.0,1.0,0.0,927.0,0.0,685.0,0.0,27.0,126.0,0.0,0.0,13.0,0.0,162.0,0.0,0.0,7.0,0.0,0.0,0.0,332.0,194.0,0.0,60.0,106.0,17.0,323.0,375.0,641.0,6422.0,0.0,351.0,19.0,19.0,287.0,836.0
199,199,99.0,15.0,153.0,226.0,267.0,274.0,180.0,142.0,137.0,583.0,32.0,1400.0,0.0,0.0,534.0,0.0,772.0,0.0,29.0,86.0,16.0,0.0,15.0,1.0,230.0,2.0,0.0,20.0,66.0,1.0,0.0,224.0,90.0,0.0,36.0,99.0,10.0,274.0,339.0,777.0,6428.0,0.0,383.0,24.0,19.0,268.0,848.0
200,200,55.0,3.0,138.0,274.0,298.0,227.0,159.0,91.0,130.0,529.0,49.0,0.0,4.0,8.0,836.0,0.0,704.0,0.0,25.0,98.0,14.0,0.0,32.0,0.0,231.0,0.0,1.0,6.0,163.0,6.0,0.0,230.0,160.0,1.0,0.0,103.0,4.0,353.0,312.0,799.0,6406.0,0.0,392.0,14.0,19.0,284.0,809.0
201,201,102.0,0.0,102.0,130.0,196.0,256.0,171.0,110.0,113.0,202.0,0.0,0.0,1.0,17.0,0.0,0.0,569.0,0.0,19.0,98.0,22.0,0.0,20.0,2.0,249.0,0.0,0.0,7.0,124.0,4.0,0.0,300.0,237.0,0.0,46.0,127.0,0.0,339.0,313.0,889.0,6234.0,0.0,389.0,11.0,24.0,191.0,847.0
202,202,82.0,0.0,63.0,64.0,95.0,288.0,142.0,98.0,90.0,249.0,0.0,4581.0,0.0,20.0,0.0,3.0,493.0,0.0,24.0,119.0,18.0,0.0,10.0,1.0,218.0,0.0,1.0,17.0,74.0,3.0,0.0,186.0,123.0,1.0,107.0,144.0,0.0,358.0,246.0,767.0,6109.0,0.0,396.0,3.0,6.0,110.0,731.0
203,203,81.0,4.0,108.0,443.0,196.0,139.0,118.0,43.0,153.0,522.0,89.0,1358.0,0.0,2.0,2080.0,0.0,413.0,0.0,5.0,16.0,14.0,0.0,6.0,0.0,190.0,0.0,0.0,15.0,122.0,0.0,0.0,135.0,117.0,0.0,90.0,185.0,13.0,279.0,135.0,681.0,5940.0,0.0,359.0,1.0,7.0,131.0,651.0
204,204,119.0,0.0,139.0,145.0,325.0,195.0,135.0,108.0,226.0,454.0,40.0,1357.0,1.0,11.0,584.0,0.0,793.0,0.0,36.0,52.0,19.0,0.0,36.0,0.0,128.0,0.0,0.0,2.0,120.0,1.0,2.0,327.0,163.0,2.0,59.0,163.0,10.0,399.0,127.0,994.0,5842.0,0.0,352.0,41.0,24.0,226.0,673.0
205,205,68.0,5.0,140.0,553.0,330.0,330.0,173.0,141.0,246.0,569.0,48.0,2615.0,3.0,11.0,998.0,0.0,751.0,0.0,29.0,108.0,14.0,0.0,17.0,1.0,280.0,0.0,0.0,11.0,129.0,4.0,1.0,356.0,135.0,1.0,17.0,168.0,15.0,380.0,252.0,1030.0,5862.0,0.0,426.0,37.0,38.0,297.0,829.0
206,206,108.0,0.0,164.0,439.0,269.0,344.0,167.0,117.0,230.0,815.0,40.0,2255.0,2.0,10.0,1062.0,0.0,773.0,0.0,33.0,104.0,18.0,0.0,7.0,1.0,306.0,0.0,0.0,0.0,98.0,6.0,1.0,307.0,122.0,2.0,324.0,163.0,9.0,418.0,229.0,1112.0,5848.0,0.0,412.0,31.0,18.0,220.0,856.0
207,207,104.0,0.0,107.0,496.0,270.0,2.0,158.0,154.0,281.0,781.0,48.0,0.0,1.0,8.0,1130.0,0.0,731.0,0.0,25.0,81.0,26.0,0.0,19.0,2.0,252.0,1.0,0.0,26.0,104.0,2.0,1.0,378.0,128.0,4.0,308.0,191.0,23.0,458.0,313.0,1119.0,5811.0,0.0,409.0,29.0,19.0,262.0,972.0
208,208,67.0,8.0,120.0,229.0,189.0,302.0,156.0,148.0,131.0,305.0,0.0,0.0,5.0,8.0,0.0,0.0,667.0,0.0,31.0,77.0,11.0,0.0,24.0,0.0,274.0,0.0,0.0,15.0,133.0,1.0,0.0,345.0,137.0,14.0,0.0,137.0,0.0,584.0,263.0,1284.0,5871.0,0.0,411.0,23.0,14.0,138.0,1106.0
209,209,126.0,0.0,137.0,184.0,115.0,305.0,130.0,110.0,112.0,340.0,0.0,6361.0,1.0,5.0,0.0,0.0,421.0,0.0,27.0,65.0,13.0,0.0,12.0,4.0,254.0,0.0,0.0,7.0,83.0,13.0,0.0,206.0,152.0,1.0,0.0,214.0,0.0,443.0,209.0,1120.0,5765.0,0.0,467.0,38.0,16.0,42.0,920.0
210,210,117.0,10.0,64.0,595.0,194.0,429.0,119.0,65.0,192.0,633.0,109.0,1828.0,4.0,5.0,2551.0,23.0,371.0,0.0,34.0,24.0,8.0,0.0,11.0,7.0,168.0,2.0,0.0,11.0,49.0,1.0,0.0,120.0,128.0,6.0,324.0,205.0,32.0,337.0,135.0,1104.0,5635.0,0.0,411.0,2.0,5.0,71.0,807.0
211,211,117.0,0.0,132.0,685.0,250.0,268.0,115.0,132.0,283.0,684.0,30.0,2031.0,0.0,6.0,725.0,6.0,70.0,0.0,52.0,42.0,9.0,0.0,37.0,3.0,202.0,1.0,0.0,8.0,54.0,0.0,1.0,367.0,102.0,13.0,56.0,223.0,15.0,502.0,111.0,1151.0,5395.0,0.0,379.0,23.0,14.0,283.0,919.0
212,212,108.0,11.0,164.0,703.0,284.0,0.0,152.0,192.0,294.0,902.0,57.0,2789.0,4.0,10.0,1392.0,0.0,763.0,0.0,57.0,70.0,19.0,0.0,13.0,4.0,288.0,0.0,1.0,16.0,158.0,4.0,2.0,426.0,188.0,9.0,67.0,247.0,18.0,512.0,203.0,1182.0,5475.0,0.0,372.0,41.0,14.0,301.0,1022.0
213,213,92.0,4.0,163.0,635.0,265.0,678.0,147.0,219.0,249.0,870.0,91.0,3092.0,9.0,9.0,1377.0,0.0,846.0,0.0,65.0,78.0,21.0,0.0,85.0,11.0,382.0,0.0,1.0,19.0,83.0,4.0,0.0,0.0,119.0,9.0,57.0,342.0,22.0,615.0,255.0,1356.0,5509.0,0.0,321.0,20.0,24.0,302.0,1197.0
214,214,79.0,3.0,89.0,684.0,270.0,0.0,143.0,137.0,232.0,955.0,64.0,0.0,13.0,9.0,1346.0,5.0,880.0,0.0,76.0,67.0,0.0,0.0,38.0,13.0,379.0,0.0,0.0,13.0,79.0,3.0,0.0,786.0,139.0,18.0,39.0,338.0,36.0,657.0,204.0,1295.0,5482.0,0.0,339.0,27.0,26.0,258.0,1090.0
215,215,120.0,0.0,126.0,309.0,146.0,431.0,138.0,342.0,125.0,240.0,0.0,0.0,8.0,11.0,0.0,0.0,771.0,0.0,110.0,86.0,21.0,0.0,44.0,8.0,295.0,0.0,0.0,18.0,0.0,7.0,0.0,380.0,138.0,15.0,86.0,431.0,0.0,658.0,238.0,1225.0,5462.0,0.0,330.0,45.0,6.0,303.0,1172.0
216,216,123.0,0.0,85.0,148.0,119.0,233.0,121.0,49.0,101.0,509.0,0.0,8532.0,7.0,10.0,0.0,0.0,743.0,0.0,75.0,36.0,9.0,0.0,53.0,14.0,238.0,0.0,0.0,17.0,0.0,5.0,0.0,249.0,154.0,14.0,60.0,311.0,0.0,548.0,153.0,1075.0,5427.0,0.0,311.0,7.0,9.0,38.0,1112.0
217,217,101.0,12.0,32.0,794.0,0.0,188.0,99.0,66.0,208.0,879.0,207.0,5760.0,1.0,13.0,3376.0,0.0,928.0,0.0,75.0,36.0,9.0,0.0,46.0,8.0,159.0,4.0,0.0,10.0,169.0,3.0,1.0,120.0,86.0,16.0,43.0,372.0,60.0,575.0,106.0,823.0,5394.0,0.0,258.0,10.0,1.0,165.0,990.0
218,218,130.0,2.0,131.0,814.0,204.0,562.0,84.0,130.0,278.0,741.0,77.0,2953.0,11.0,17.0,1039.0,2.0,670.0,0.0,118.0,22.0,9.0,0.0,45.0,3.0,190.0,4.0,0.0,17.0,53.0,3.0,2.0,332.0,0.0,21.0,60.0,540.0,65.0,680.0,112.0,1232.0,5159.0,0.0,287.0,14.0,9.0,333.0,1061.0
219,219,139.0,0.0,103.0,776.0,255.0,288.0,126.0,181.0,243.0,1045.0,112.0,4088.0,22.0,29.0,1695.0,14.0,891.0,0.0,118.0,58.0,11.0,0.0,50.0,8.0,384.0,1.0,0.0,10.0,90.0,8.0,3.0,408.0,61.0,19.0,50.0,426.0,29.0,640.0,167.0,1309.0,5920.0,11.0,295.0,49.0,18.0,425.0,1271.0
220,220,127.0,5.0,114.0,769.0,303.0,251.0,127.0,181.0,211.0,1147.0,121.0,4507.0,11.0,20.0,1604.0,0.0,950.0,0.0,150.0,28.0,33.0,0.0,69.0,6.0,401.0,1.0,0.0,24.0,66.0,18.0,1.0,406.0,88.0,50.0,69.0,601.0,47.0,726.0,213.0,1345.0,4551.0,0.0,299.0,63.0,15.0,378.0,1318.0
221,221,135.0,11.0,130.0,771.0,297.0,290.0,111.0,161.0,320.0,1122.0,136.0,0.0,9.0,22.0,2288.0,50.0,871.0,0.0,147.0,62.0,24.0,0.0,98.0,20.0,552.0,0.0,0.0,23.0,40.0,6.0,2.0,362.0,282.0,40.0,69.0,519.0,59.0,809.0,290.0,1378.0,5241.0,0.0,276.0,43.0,10.0,380.0,1453.0
222,222,124.0,1.0,116.0,304.0,329.0,402.0,124.0,182.0,175.0,555.0,0.0,0.0,14.0,14.0,0.0,0.0,758.0,0.0,151.0,77.0,32.0,0.0,174.0,3.0,347.0,0.0,0.0,37.0,0.0,7.0,1.0,453.0,200.0,54.0,39.0,486.0,0.0,843.0,186.0,1350.0,5212.0,0.0,255.0,43.0,14.0,260.0,1489.0
223,223,136.0,0.0,76.0,122.0,53.0,236.0,112.0,152.0,120.0,436.0,0.0,8618.0,5.0,16.0,0.0,0.0,1062.0,0.0,202.0,61.0,43.0,0.0,68.0,3.0,463.0,0.0,0.0,21.0,0.0,2.0,0.0,217.0,85.0,23.0,30.0,577.0,0.0,624.0,131.0,1145.0,5189.0,0.0,236.0,30.0,2.0,73.0,2207.0
224,224,125.0,7.0,111.0,873.0,116.0,173.0,97.0,105.0,139.0,966.0,373.0,3632.0,6.0,17.0,4854.0,22.0,816.0,0.0,126.0,45.0,35.0,0.0,56.0,4.0,259.0,2.0,0.0,13.0,103.0,3.0,0.0,181.0,109.0,29.0,78.0,575.0,170.0,619.0,157.0,779.0,5118.0,0.0,163.0,3.0,6.0,196.0,1158.0
225,225,140.0,0.0,138.0,718.0,210.0,210.0,58.0,187.0,289.0,1226.0,144.0,3172.0,9.0,22.0,1397.0,11.0,1148.0,0.0,193.0,91.0,15.0,0.0,33.0,6.0,412.0,0.0,0.0,18.0,26.0,10.0,1.0,382.0,0.0,49.0,52.0,779.0,46.0,551.0,120.0,1215.0,4945.0,0.0,235.0,16.0,17.0,417.0,1433.0
226,226,141.0,14.0,241.0,609.0,171.0,253.0,97.0,273.0,292.0,1445.0,111.0,7550.0,7.0,19.0,2524.0,15.0,1009.0,0.0,235.0,130.0,22.0,0.0,37.0,4.0,476.0,4.0,1.0,26.0,58.0,0.0,2.0,474.0,252.0,55.0,65.0,654.0,66.0,715.0,278.0,1415.0,5102.0,0.0,254.0,75.0,31.0,443.0,1592.0
227,227,154.0,4.0,229.0,669.0,176.0,223.0,101.0,233.0,326.0,1449.0,144.0,5479.0,0.0,41.0,2669.0,23.0,1129.0,0.0,204.0,180.0,45.0,0.0,91.0,4.0,522.0,1.0,1.0,21.0,68.0,4.0,2.0,390.0,140.0,31.0,44.0,577.0,33.0,811.0,325.0,1454.0,5057.0,0.0,247.0,49.0,29.0,363.0,1732.0
228,228,146.0,8.0,221.0,587.0,174.0,350.0,105.0,268.0,292.0,1415.0,165.0,0.0,3.0,17.0,2846.0,0.0,1440.0,0.0,251.0,208.0,40.0,0.0,66.0,7.0,574.0,3.0,0.0,22.0,37.0,1.0,0.0,396.0,189.0,72.0,73.0,636.0,67.0,832.0,235.0,1415.0,5065.0,0.0,235.0,62.0,37.0,344.0,0.0
229,229,143.0,0.0,260.0,163.0,90.0,1.0,116.0,251.0,198.0,625.0,104.0,0.0,7.0,20.0,3310.0,8.0,1077.0,0.0,226.0,162.0,24.0,0.0,196.0,16.0,629.0,0.0,2.0,34.0,34.0,7.0,0.0,422.0,107.0,63.0,30.0,652.0,0.0,771.0,198.0,1328.0,5061.0,0.0,238.0,54.0,32.0,226.0,1847.0
230,230,120.0,0.0,162.0,132.0,32.0,0.0,92.0,200.0,121.0,561.0,134.0,16269.0,6.0,11.0,3015.0,2.0,1040.0,0.0,217.0,151.0,39.0,0.0,66.0,12.0,477.0,0.0,0.0,30.0,0.0,7.0,0.0,278.0,86.0,68.0,75.0,506.0,0.0,594.0,121.0,1087.0,4969.0,0.0,211.0,47.0,15.0,63.0,3101.0
231,231,119.0,16.0,344.0,707.0,135.0,500.0,73.0,125.0,190.0,1390.0,123.0,5114.0,2.0,21.0,493.0,1.0,713.0,0.0,147.0,85.0,54.0,0.0,56.0,3.0,320.0,2.0,1.0,20.0,30.0,1.0,1.0,194.0,35.0,49.0,50.0,481.0,154.0,595.0,132.0,733.0,4892.0,0.0,100.0,5.0,22.0,174.0,1616.0
232,232,155.0,0.0,158.0,725.0,169.0,316.0,84.0,196.0,281.0,1510.0,115.0,6671.0,8.0,24.0,2238.0,0.0,1089.0,0.0,250.0,199.0,0.0,0.0,186.0,13.0,401.0,0.0,3.0,38.0,30.0,0.0,0.0,412.0,103.0,47.0,47.0,487.0,56.0,597.0,214.0,1014.0,4748.0,0.0,108.0,15.0,18.0,314.0,0.0
233,233,158.0,19.0,425.0,612.0,151.0,340.0,128.0,310.0,315.0,1707.0,85.0,7039.0,7.0,29.0,3776.0,9.0,812.0,0.0,212.0,219.0,32.0,0.0,48.0,8.0,642.0,4.0,1.0,22.0,67.0,3.0,0.0,626.0,108.0,40.0,42.0,552.0,51.0,735.0,253.0,1409.0,4828.0,0.0,158.0,100.0,37.0,351.0,1967.0
234,234,155.0,0.0,308.0,581.0,142.0,338.0,149.0,264.0,247.0,1427.0,116.0,8148.0,20.0,37.0,4771.0,1.0,1182.0,0.0,250.0,255.0,44.0,0.0,129.0,5.0,840.0,1.0,2.0,32.0,71.0,1.0,2.0,522.0,0.0,36.0,55.0,529.0,51.0,767.0,291.0,1346.0,4785.0,0.0,161.0,80.0,43.0,333.0,2134.0
235,235,152.0,21.0,275.0,510.0,169.0,363.0,161.0,306.0,506.0,2034.0,71.0,0.0,17.0,29.0,4586.0,1.0,1033.0,0.0,204.0,265.0,52.0,0.0,79.0,10.0,947.0,1.0,0.0,36.0,67.0,3.0,4.0,547.0,233.0,31.0,48.0,534.0,35.0,903.0,219.0,1392.0,4870.0,0.0,169.0,123.0,38.0,298.0,2106.0
236,236,156.0,0.0,216.0,203.0,96.0,0.0,174.0,294.0,239.0,782.0,0.0,0.0,21.0,35.0,3602.0,0.0,1288.0,0.0,243.0,306.0,35.0,0.0,153.0,8.0,1071.0,0.0,1.0,30.0,0.0,3.0,2.0,588.0,0.0,35.0,34.0,508.0,0.0,900.0,241.0,1189.0,4921.0,0.0,170.0,91.0,43.0,160.0,2328.0
237,237,152.0,0.0,140.0,115.0,60.0,508.0,183.0,276.0,133.0,711.0,0.0,19382.0,7.0,14.0,4897.0,0.0,1041.0,0.0,283.0,275.0,22.0,0.0,61.0,6.0,1209.0,0.0,0.0,41.0,0.0,4.0,3.0,406.0,296.0,57.0,32.0,456.0,0.0,581.0,145.0,981.0,4852.0,0.0,109.0,40.0,34.0,57.0,1987.0
238,238,178.0,15.0,308.0,607.0,99.0,127.0,177.0,157.0,258.0,1278.0,270.0,7117.0,3.0,18.0,1955.0,26.0,972.0,0.0,155.0,136.0,36.0,0.0,147.0,9.0,953.0,1.0,0.0,38.0,90.0,0.0,4.0,350.0,81.0,38.0,35.0,572.0,126.0,548.0,123.0,805.0,4744.0,0.0,57.0,68.0,14.0,174.0,1796.0
239,239,154.0,0.0,291.0,527.0,203.0,297.0,82.0,202.0,367.0,1576.0,83.0,7296.0,19.0,43.0,3304.0,1.0,1184.0,0.0,168.0,219.0,24.0,0.0,85.0,4.0,876.0,4.0,0.0,21.0,44.0,5.0,6.0,530.0,78.0,46.0,66.0,414.0,72.0,763.0,192.0,1060.0,4696.0,0.0,106.0,28.0,21.0,222.0,3331.0
240,240,168.0,38.0,316.0,526.0,162.0,285.0,247.0,379.0,403.0,1507.0,57.0,9658.0,17.0,21.0,5429.0,0.0,1048.0,0.0,293.0,358.0,73.0,0.0,162.0,5.0,1366.0,3.0,4.0,32.0,90.0,18.0,1.0,624.0,126.0,37.0,55.0,570.0,59.0,729.0,362.0,1256.0,4676.0,0.0,154.0,84.0,36.0,244.0,1974.0
241,241,156.0,0.0,227.0,535.0,157.0,311.0,191.0,360.0,349.0,1571.0,90.0,9779.0,14.0,17.0,6111.0,0.0,1522.0,0.0,251.0,304.0,91.0,0.0,90.0,5.0,1409.0,1.0,1.0,36.0,-1385.0,6.0,3.0,564.0,128.0,32.0,59.0,510.0,51.0,887.0,399.0,1504.0,4711.0,0.0,125.0,90.0,33.0,202.0,0.0
242,242,112.0,26.0,382.0,614.0,157.0,294.0,181.0,340.0,477.0,1479.0,73.0,0.0,18.0,23.0,7379.0,0.0,1276.0,0.0,269.0,357.0,132.0,0.0,126.0,5.0,1460.0,1.0,0.0,48.0,37.0,9.0,0.0,358.0,0.0,28.0,105.0,507.0,38.0,791.0,401.0,1318.0,4829.0,0.0,108.0,102.0,42.0,179.0,2438.0
243,243,84.0,0.0,174.0,195.0,99.0,0.0,177.0,375.0,317.0,785.0,0.0,0.0,20.0,7.0,5453.0,0.0,1108.0,0.0,177.0,312.0,158.0,0.0,141.0,8.0,1444.0,1.0,1.0,29.0,0.0,0.0,5.0,500.0,0.0,15.0,64.0,500.0,0.0,759.0,374.0,1365.0,4941.0,0.0,75.0,114.0,37.0,131.0,2481.0
244,244,101.0,0.0,281.0,117.0,26.0,575.0,164.0,291.0,273.0,610.0,0.0,23572.0,10.0,28.0,5413.0,0.0,1715.0,0.0,157.0,262.0,292.0,0.0,40.0,5.0,1365.0,0.0,1.0,35.0,45.0,18.0,1.0,296.0,0.0,21.0,63.0,508.0,0.0,631.0,320.0,952.0,4980.0,0.0,83.0,34.0,31.0,48.0,2096.0
245,245,133.0,52.0,186.0,634.0,76.0,175.0,156.0,163.0,251.0,1218.0,285.0,8115.0,2.0,9.0,3082.0,0.0,1406.0,0.0,183.0,146.0,178.0,0.0,51.0,2.0,996.0,0.0,0.0,32.0,52.0,3.0,7.0,220.0,403.0,26.0,45.0,525.0,101.0,502.0,244.0,755.0,4993.0,5.0,41.0,41.0,27.0,162.0,2141.0
246,246,93.0,8.0,337.0,565.0,0.0,270.0,119.0,216.0,499.0,1256.0,99.0,8581.0,20.0,56.0,4982.0,0.0,1295.0,0.0,207.0,145.0,118.0,0.0,214.0,9.0,975.0,5.0,0.0,23.0,0.0,8.0,2.0,288.0,11.0,21.0,82.0,461.0,139.0,550.0,231.0,1053.0,4729.0,0.0,76.0,72.0,41.0,171.0,2088.0
247,247,122.0,15.0,442.0,574.0,188.0,283.0,179.0,370.0,656.0,1311.0,111.0,8959.0,20.0,19.0,7017.0,0.0,1508.0,0.0,233.0,311.0,365.0,0.0,89.0,5.0,1326.0,2.0,0.0,29.0,68.0,2.0,2.0,532.0,114.0,34.0,102.0,914.0,88.0,595.0,390.0,1298.0,4952.0,0.0,99.0,53.0,55.0,213.0,2486.0
248,248,116.0,0.0,312.0,677.0,163.0,287.0,161.0,472.0,679.0,1453.0,179.0,10476.0,26.0,39.0,7157.0,1.0,1735.0,0.0,241.0,369.0,301.0,0.0,92.0,7.0,1397.0,0.0,0.0,20.0,0.0,4.0,1.0,632.0,145.0,19.0,146.0,421.0,164.0,612.0,418.0,1365.0,4995.0,0.0,95.0,121.0,53.0,286.0,2439.0
249,249,123.0,16.0,271.0,728.0,158.0,338.0,183.0,297.0,797.0,1378.0,173.0,0.0,15.0,25.0,8975.0,1.0,1940.0,0.0,202.0,334.0,459.0,0.0,97.0,7.0,1732.0,2.0,0.0,26.0,109.0,6.0,4.0,534.0,162.0,30.0,110.0,744.0,85.0,691.0,406.0,1339.0,5110.0,0.0,96.0,137.0,47.0,262.0,2723.0
250,250,135.0,0.0,208.0,322.0,179.0,0.0,178.0,425.0,503.0,988.0,0.0,0.0,34.0,36.0,8550.0,0.0,1813.0,0.0,186.0,311.0,510.0,0.0,231.0,1.0,1694.0,1.0,0.0,36.0,0.0,9.0,0.0,567.0,0.0,25.0,147.0,654.0,0.0,567.0,486.0,1269.0,5205.0,1.0,77.0,226.0,43.0,171.0,2836.0
251,251,153.0,0.0,220.0,155.0,96.0,0.0,196.0,444.0,404.0,814.0,0.0,26560.0,25.0,30.0,7071.0,0.0,2988.0,0.0,138.0,225.0,495.0,1.0,138.0,5.0,1296.0,0.0,0.0,43.0,42.0,3.0,1.0,324.0,0.0,37.0,131.0,925.0,0.0,437.0,315.0,1150.0,5195.0,0.0,56.0,88.0,43.0,67.0,2107.0
252,252,151.0,46.0,511.0,918.0,96.0,518.0,172.0,191.0,560.0,1499.0,566.0,8964.0,16.0,36.0,4203.0,0.0,2948.0,1.0,139.0,117.0,576.0,0.0,102.0,2.0,1150.0,0.0,0.0,17.0,54.0,1.0,5.0,258.0,328.0,23.0,106.0,797.0,267.0,302.0,249.0,883.0,5185.0,0.0,36.0,22.0,16.0,185.0,2174.0
253,253,147.0,0.0,495.0,871.0,167.0,301.0,177.0,245.0,1161.0,1176.0,243.0,8866.0,32.0,10.0,6544.0,1.0,2460.0,0.0,169.0,204.0,341.0,0.0,306.0,7.0,1369.0,1.0,0.0,31.0,24.0,3.0,3.0,501.0,37.0,63.0,216.0,963.0,132.0,400.0,388.0,1136.0,5099.0,0.0,53.0,91.0,42.0,236.0,4962.0
254,254,151.0,40.0,754.0,1024.0,122.0,297.0,194.0,468.0,1159.0,1892.0,251.0,10764.0,22.0,93.0,8577.0,1.0,2659.0,0.0,248.0,341.0,411.0,0.0,84.0,3.0,1430.0,0.0,1.0,32.0,49.0,11.0,5.0,588.0,99.0,42.0,219.0,1140.0,105.0,421.0,646.0,1271.0,5218.0,6.0,84.0,161.0,80.0,314.0,2582.0
255,255,156.0,0.0,497.0,1143.0,163.0,286.0,189.0,405.0,1377.0,1484.0,317.0,12183.0,15.0,39.0,9843.0,0.0,2919.0,0.0,372.0,291.0,476.0,0.0,196.0,4.0,1597.0,-6.0,0.0,36.0,65.0,5.0,4.0,560.0,67.0,43.0,128.0,823.0,122.0,506.0,585.0,1380.0,5363.0,0.0,58.0,133.0,76.0,254.0,3144.0
256,256,161.0,43.0,1005.0,1284.0,201.0,290.0,193.0,528.0,1447.0,1630.0,292.0,0.0,32.0,43.0,9406.0,1.0,3539.0,0.0,282.0,190.0,718.0,0.0,211.0,4.0,1616.0,1.0,0.0,44.0,71.0,11.0,3.0,479.0,121.0,27.0,163.0,1268.0,120.0,594.0,687.0,1391.0,5504.0,0.0,92.0,231.0,110.0,291.0,0.0
257,257,164.0,0.0,495.0,617.0,92.0,300.0,191.0,465.0,1541.0,948.0,0.0,0.0,23.0,45.0,10561.0,2.0,3497.0,0.0,302.0,261.0,916.0,0.0,159.0,1.0,1501.0,0.0,0.0,53.0,0.0,5.0,1.0,531.0,141.0,78.0,145.0,1231.0,0.0,603.0,497.0,1311.0,5488.0,0.0,72.0,201.0,105.0,206.0,3103.0
258,258,168.0,0.0,384.0,301.0,27.0,328.0,198.0,473.0,787.0,927.0,0.0,27404.0,21.0,23.0,7183.0,5.0,3330.0,0.0,204.0,165.0,484.0,0.0,255.0,3.0,1456.0,0.0,2.0,39.0,35.0,10.0,2.0,264.0,139.0,53.0,182.0,1086.0,0.0,502.0,673.0,1109.0,5449.0,0.0,108.0,79.0,99.0,106.0,2476.0
259,259,167.0,94.0,549.0,1727.0,143.0,168.0,187.0,257.0,1034.0,1407.0,584.0,9437.0,22.0,47.0,6158.0,0.0,2621.0,0.0,180.0,65.0,844.0,2.0,207.0,3.0,1008.0,6.0,0.0,51.0,50.0,3.0,6.0,229.0,97.0,49.0,188.0,1298.0,289.0,377.0,613.0,692.0,5509.0,0.0,29.0,48.0,53.0,220.0,2462.0
260,260,152.0,0.0,860.0,1628.0,155.0,294.0,192.0,315.0,1674.0,1901.0,329.0,11193.0,24.0,98.0,7852.0,5.0,3103.0,0.0,310.0,151.0,1307.0,0.0,357.0,6.0,1229.0,0.0,0.0,56.0,40.0,5.0,1.0,527.0,134.0,106.0,161.0,1376.0,122.0,605.0,425.0,1111.0,5529.0,1.0,74.0,188.0,82.0,292.0,5863.0
261,261,144.0,0.0,704.0,1942.0,174.0,282.0,211.0,514.0,2136.0,2194.0,442.0,11291.0,34.0,25.0,9784.0,0.0,3991.0,0.0,311.0,280.0,710.0,0.0,250.0,15.0,1452.0,3.0,0.0,0.0,110.0,4.0,3.0,627.0,163.0,35.0,230.0,1540.0,116.0,600.0,605.0,1713.0,5670.0,0.0,102.0,92.0,123.0,330.0,0.0
262,262,132.0,45.0,922.0,1752.0,154.0,394.0,224.0,530.0,3123.0,1916.0,822.0,14389.0,22.0,49.0,10593.0,1.0,3395.0,0.0,359.0,250.0,941.0,0.0,224.0,17.0,1583.0,2.0,0.0,62.0,147.0,8.0,5.0,622.0,186.0,38.0,212.0,1750.0,106.0,837.0,770.0,1679.0,5762.0,0.0,82.0,161.0,98.0,389.0,3584.0
263,263,125.0,81.0,821.0,1709.0,189.0,292.0,243.0,487.0,2107.0,2297.0,454.0,0.0,36.0,59.0,13215.0,1.0,4322.0,1.0,338.0,234.0,809.0,0.0,248.0,24.0,1907.0,2.0,1.0,61.0,177.0,4.0,5.0,665.0,143.0,65.0,208.0,1972.0,146.0,757.0,780.0,1527.0,5905.0,0.0,62.0,235.0,137.0,437.0,3228.0
264,264,153.0,0.0,757.0,894.0,86.0,320.0,231.0,0.0,2044.0,1345.0,0.0,0.0,61.0,64.0,13498.0,1.0,4422.0,0.0,240.0,212.0,1070.0,0.0,267.0,77.0,1637.0,0.0,0.0,99.0,0.0,17.0,1.0,688.0,140.0,32.0,187.0,1882.0,0.0,1002.0,849.0,1333.0,6065.0,0.0,83.0,290.0,114.0,279.0,3240.0
265,265,159.0,0.0,609.0,461.0,44.0,212.0,213.0,0.0,934.0,922.0,0.0,31428.0,49.0,58.0,11569.0,3.0,3899.0,1.0,164.0,197.0,876.0,0.0,395.0,39.0,1587.0,0.0,0.0,80.0,86.0,10.0,1.0,260.0,178.0,46.0,714.0,1843.0,0.0,910.0,552.0,1231.0,6148.0,0.0,68.0,131.0,111.0,133.0,2966.0
266,266,150.0,117.0,593.0,2204.0,151.0,92.0,224.0,1093.0,1524.0,1821.0,1476.0,10799.0,17.0,66.0,4298.0,3.0,4368.0,1.0,453.0,70.0,633.0,1.0,188.0,31.0,1350.0,3.0,2.0,70.0,112.0,1.0,2.0,200.0,45.0,38.0,230.0,2215.0,251.0,748.0,623.0,808.0,6196.0,0.0,30.0,79.0,50.0,266.0,2675.0
267,267,131.0,0.0,747.0,2074.0,109.0,221.0,206.0,284.0,2394.0,1769.0,476.0,11289.0,35.0,149.0,10008.0,11.0,4926.0,0.0,333.0,144.0,951.0,0.0,323.0,42.0,1391.0,2.0,2.0,45.0,100.0,34.0,2.0,650.0,87.0,42.0,296.0,2243.0,104.0,711.0,463.0,1059.0,6215.0,0.0,61.0,175.0,88.0,438.0,2884.0
268,268,121.0,72.0,661.0,2097.0,160.0,344.0,253.0,436.0,2306.0,2143.0,558.0,10653.0,57.0,93.0,13072.0,3.0,6178.0,0.0,358.0,204.0,750.0,0.0,231.0,57.0,1640.0,1.0,1.0,73.0,74.0,12.0,2.0,786.0,182.0,42.0,290.0,2351.0,152.0,974.0,802.0,1767.0,6431.0,0.0,81.0,338.0,136.0,553.0,3497.0
269,269,134.0,0.0,688.0,1796.0,290.0,235.0,294.0,508.0,2910.0,2153.0,559.0,12272.0,43.0,91.0,16096.0,4.0,6634.0,0.0,341.0,232.0,927.0,0.0,319.0,36.0,1786.0,0.0,0.0,138.0,68.0,22.0,6.0,721.0,151.0,31.0,289.0,2541.0,123.0,1136.0,691.0,1639.0,6595.0,4.0,83.0,360.0,122.0,540.0,3372.0
270,270,124.0,83.0,1071.0,1623.0,255.0,248.0,306.0,255.0,2944.0,2507.0,678.0,0.0,42.0,105.0,15797.0,3.0,6873.0,0.0,286.0,223.0,950.0,0.0,321.0,49.0,1912.0,1.0,0.0,114.0,75.0,31.0,3.0,713.0,143.0,29.0,245.0,2776.0,131.0,1587.0,899.0,1629.0,7212.0,0.0,75.0,419.0,191.0,630.0,3565.0
271,271,108.0,0.0,623.0,944.0,169.0,231.0,332.0,117.0,1976.0,1410.0,619.0,0.0,47.0,93.0,14412.0,2.0,6041.0,0.0,315.0,212.0,937.0,0.0,245.0,40.0,1869.0,0.0,0.0,111.0,78.0,29.0,2.0,868.0,140.0,21.0,235.0,2711.0,0.0,1584.0,884.0,1552.0,7523.0,0.0,74.0,552.0,184.0,325.0,3833.0
272,272,106.0,0.0,526.0,540.0,58.0,122.0,320.0,0.0,1303.0,1192.0,424.0,31785.0,35.0,105.0,11123.0,0.0,5692.0,0.0,216.0,190.0,702.0,0.0,430.0,22.0,1766.0,0.0,0.0,90.0,46.0,22.0,0.0,341.0,146.0,27.0,116.0,2989.0,0.0,1350.0,665.0,1438.0,7867.0,0.0,72.0,478.0,159.0,167.0,3130.0
273,273,132.0,130.0,419.0,2782.0,216.0,80.0,337.0,664.0,1286.0,2089.0,435.0,9906.0,67.0,52.0,4070.0,0.0,4044.0,0.0,263.0,48.0,851.0,0.0,388.0,40.0,1494.0,8.0,1.0,105.0,19.0,21.0,2.0,319.0,45.0,19.0,128.0,2909.0,292.0,1306.0,425.0,1271.0,8135.0,0.0,30.0,265.0,44.0,378.0,2671.0
274,274,127.0,0.0,722.0,2984.0,276.0,225.0,314.0,223.0,1960.0,1798.0,392.0,11016.0,48.0,158.0,8051.0,3.0,7143.0,0.0,416.0,135.0,894.0,0.0,362.0,32.0,1647.0,1.0,2.0,88.0,55.0,32.0,2.0,835.0,112.0,23.0,134.0,3001.0,90.0,1326.0,688.0,1470.0,8232.0,0.0,65.0,231.0,93.0,613.0,3627.0
275,275,131.0,84.0,1146.0,3243.0,286.0,243.0,371.0,411.0,1076.0,2503.0,534.0,9419.0,56.0,100.0,12845.0,4.0,7108.0,0.0,352.0,213.0,848.0,0.0,415.0,33.0,1850.0,5.0,0.0,115.0,78.0,95.0,4.0,1013.0,191.0,37.0,197.0,3293.0,126.0,1552.0,825.0,2158.0,8481.0,5.0,72.0,567.0,203.0,688.0,4027.0
276,276,157.0,0.0,564.0,3410.0,263.0,280.0,388.0,550.0,5336.0,2673.0,398.0,11325.0,79.0,111.0,13970.0,5.0,6914.0,0.0,411.0,234.0,1322.0,0.0,442.0,41.0,2548.0,5.0,0.0,91.0,86.0,44.0,1.0,1022.0,161.0,44.0,215.0,3253.0,113.0,1967.0,854.0,2086.0,8945.0,0.0,111.0,797.0,175.0,633.0,0.0
277,277,159.0,60.0,872.0,3721.0,240.0,0.0,402.0,551.0,3796.0,2563.0,536.0,0.0,57.0,101.0,12148.0,0.0,6968.0,0.0,460.0,333.0,1086.0,1.0,466.0,40.0,2499.0,2.0,1.0,172.0,114.0,77.0,2.0,952.0,225.0,65.0,703.0,3820.0,122.0,2292.0,888.0,2343.0,9412.0,0.0,73.0,679.0,238.0,712.0,8702.0
278,278,152.0,0.0,830.0,1709.0,182.0,226.0,431.0,0.0,2554.0,2279.0,370.0,0.0,70.0,40.0,16972.0,1.0,12871.0,1.0,267.0,241.0,858.0,1.0,605.0,63.0,2843.0,0.0,2.0,125.0,0.0,74.0,1.0,872.0,239.0,66.0,244.0,3963.0,0.0,2367.0,963.0,2064.0,9859.0,0.0,107.0,704.0,227.0,461.0,4571.0
279,279,149.0,0.0,599.0,1035.0,69.0,4.0,443.0,0.0,1841.0,1382.0,378.0,23480.0,30.0,294.0,12545.0,1.0,22961.0,0.0,229.0,258.0,905.0,0.0,364.0,49.0,2578.0,0.0,3.0,104.0,0.0,67.0,0.0,691.0,0.0,57.0,193.0,4000.0,0.0,0.0,0.0,0.0,10499.0,0.0,59.0,818.0,168.0,156.0,4230.0
280,280,144.0,260.0,1268.0,5249.0,283.0,474.0,401.0,1540.0,3120.0,2639.0,377.0,11998.0,10.0,164.0,5104.0,1.0,12593.0,0.0,300.0,138.0,818.0,2.0,519.0,59.0,2257.0,10.0,3.0,100.0,216.0,40.0,1.0,322.0,271.0,47.0,232.0,4572.0,308.0,3940.0,1638.0,3426.0,10888.0,0.0,0.0,353.0,76.0,374.0,3774.0
281,281,158.0,0.0,549.0,5687.0,436.0,261.0,394.0,699.0,4456.0,2828.0,322.0,10491.0,42.0,227.0,10489.0,0.0,14542.0,0.0,399.0,287.0,816.0,1.0,424.0,101.0,2677.0,7.0,1.0,81.0,54.0,68.0,1.0,831.0,224.0,68.0,225.0,4517.0,147.0,2236.0,427.0,2121.0,11615.0,19.0,171.0,320.0,194.0,786.0,4348.0
282,282,162.0,198.0,947.0,6803.0,437.0,365.0,415.0,0.0,5338.0,4058.0,331.0,12423.0,56.0,120.0,18746.0,1.0,14162.0,0.0,406.0,363.0,932.0,0.0,609.0,91.0,3677.0,3.0,0.0,117.0,140.0,67.0,3.0,1062.0,316.0,64.0,210.0,4979.0,180.0,3003.0,944.0,2958.0,11115.0,0.0,121.0,877.0,356.0,831.0,4753.0
283,283,169.0,0.0,1221.0,6588.0,516.0,453.0,477.0,2243.0,5397.0,4516.0,446.0,12788.0,45.0,296.0,18129.0,1.0,17540.0,1.0,434.0,542.0,1176.0,0.0,502.0,95.0,4458.0,2.0,6.0,142.0,100.0,109.0,2.0,1121.0,364.0,75.0,210.0,5813.0,228.0,4280.0,1278.0,3130.0,11493.0,1.0,151.0,1037.0,387.0,834.0,5397.0
284,284,167.0,128.0,1181.0,7789.0,612.0,387.0,489.0,1485.0,8617.0,4721.0,482.0,0.0,49.0,235.0,20339.0,0.0,13864.0,0.0,391.0,457.0,1374.0,0.0,617.0,106.0,5372.0,6.0,2.0,133.0,141.0,137.0,4.0,918.0,386.0,100.0,344.0,5959.0,209.0,4739.0,1394.0,3186.0,12126.0,0.0,173.0,1184.0,363.0,783.0,0.0
285,285,165.0,0.0,901.0,4310.0,0.0,428.0,0.0,0.0,4633.0,3483.0,444.0,0.0,37.0,269.0,26896.0,0.0,15165.0,0.0,306.0,486.0,1068.0,0.0,1011.0,87.0,5724.0,0.0,0.0,205.0,0.0,89.0,0.0,929.0,392.0,95.0,293.0,6493.0,0.0,5300.0,1646.0,3517.0,12846.0,0.0,168.0,1887.0,380.0,509.0,11532.0
286,286,168.0,0.0,1298.0,2403.0,531.0,302.0,1063.0,0.0,3103.0,2467.0,340.0,27856.0,19.0,149.0,16101.0,0.0,12872.0,0.0,280.0,508.0,913.0,1.0,814.0,66.0,5456.0,0.0,0.0,159.0,0.0,74.0,1.0,389.0,382.0,68.0,228.0,6368.0,0.0,4178.0,1090.0,2880.0,13634.0,0.0,102.0,1054.0,411.0,161.0,4768.0
287,287,171.0,299.0,608.0,9735.0,587.0,189.0,464.0,4057.0,4311.0,4122.0,389.0,7118.0,18.0,214.0,8505.0,0.0,13972.0,0.0,294.0,181.0,1285.0,0.0,823.0,56.0,4619.0,30.0,11.0,126.0,371.0,95.0,2.0,467.0,176.0,94.0,181.0,6844.0,303.0,4394.0,1249.0,2069.0,13592.0,0.0,67.0,504.0,167.0,636.0,4420.0
288,288,182.0,0.0,1171.0,12577.0,785.0,339.0,526.0,1439.0,8326.0,5132.0,290.0,11970.0,25.0,287.0,12993.0,0.0,17232.0,0.0,408.0,372.0,920.0,0.0,808.0,86.0,5898.0,4.0,6.0,118.0,109.0,75.0,5.0,657.0,80.0,111.0,218.0,7368.0,115.0,5068.0,1208.0,3109.0,13868.0,0.0,152.0,531.0,399.0,916.0,5133.0
289,289,203.0,195.0,1606.0,12293.0,819.0,479.0,597.0,2724.0,9543.0,6638.0,492.0,13318.0,39.0,204.0,22591.0,1.0,19724.0,0.0,435.0,748.0,950.0,2.0,1084.0,89.0,7332.0,4.0,0.0,139.0,190.0,102.0,7.0,1149.0,443.0,112.0,193.0,7271.0,152.0,6526.0,2072.0,4016.0,14231.0,0.0,245.0,1410.0,707.0,968.0,5590.0
290,290,257.0,0.0,1396.0,11818.0,914.0,578.0,613.0,2690.0,9720.0,7334.0,430.0,15186.0,33.0,291.0,30621.0,2.0,18978.0,0.0,452.0,793.0,1293.0,0.0,1186.0,80.0,8803.0,3.0,22.0,255.0,214.0,114.0,5.0,652.0,534.0,122.0,211.0,7779.0,162.0,8099.0,2101.0,4013.0,13754.0,7.0,203.0,1929.0,746.0,902.0,5062.0
291,291,289.0,187.0,1691.0,13477.0,998.0,618.0,658.0,3087.0,11102.0,7830.0,418.0,0.0,37.0,139.0,25086.0,2.0,15635.0,0.0,503.0,1131.0,1791.0,0.0,998.0,92.0,10009.0,0.0,18.0,281.0,227.0,148.0,2.0,784.0,437.0,204.0,609.0,7978.0,183.0,7705.0,2608.0,4026.0,15150.0,0.0,265.0,2075.0,834.0,1179.0,5992.0
292,292,273.0,0.0,2040.0,7995.0,603.0,713.0,0.0,0.0,8715.0,5587.0,500.0,0.0,35.0,160.0,32427.0,1.0,16171.0,0.0,482.0,1096.0,1474.0,0.0,1251.0,69.0,10925.0,0.0,22.0,228.0,0.0,188.0,5.0,792.0,594.0,142.0,146.0,8105.0,0.0,9622.0,2153.0,3952.0,14922.0,0.0,227.0,1968.0,898.0,697.0,6410.0
293,293,281.0,0.0,1062.0,4289.0,395.0,559.0,1306.0,195.0,5058.0,4325.0,451.0,37889.0,26.0,131.0,29837.0,2.0,16981.0,0.0,438.0,819.0,1478.0,0.0,1284.0,57.0,11705.0,0.0,7.0,252.0,175.0,58.0,5.0,398.0,427.0,109.0,188.0,8439.0,0.0,8536.0,1856.0,3920.0,15099.0,0.0,214.0,1567.0,728.0,321.0,9997.0
294,294,295.0,246.0,1054.0,15560.0,1024.0,545.0,592.0,8737.0,8077.0,6868.0,452.0,13873.0,7.0,131.0,13243.0,0.0,18803.0,0.0,432.0,393.0,989.0,0.0,1031.0,46.0,9337.0,19.0,3.0,205.0,242.0,44.0,3.0,252.0,160.0,134.0,145.0,7720.0,320.0,7482.0,1949.0,2466.0,15982.0,7.0,122.0,860.0,537.0,771.0,5469.0
295,295,301.0,0.0,1803.0,19265.0,1336.0,726.0,619.0,3008.0,11984.0,7595.0,529.0,16973.0,42.0,294.0,20468.0,3.0,21330.0,1.0,667.0,890.0,1423.0,0.0,1263.0,92.0,10871.0,7.0,22.0,202.0,353.0,115.0,3.0,656.0,408.0,155.0,132.0,8149.0,147.0,9291.0,1876.0,3400.0,16319.0,0.0,326.0,705.0,794.0,1290.0,0.0
296,296,297.0,188.0,2355.0,17484.0,1472.0,928.0,733.0,5596.0,14969.0,11287.0,630.0,20986.0,44.0,222.0,26676.0,0.0,26687.0,1.0,865.0,1424.0,2032.0,0.0,1166.0,37.0,15199.0,7.0,13.0,311.0,430.0,188.0,2.0,833.0,640.0,111.0,177.0,8738.0,168.0,10040.0,2535.0,4848.0,15700.0,8.0,512.0,2202.0,1508.0,1570.0,6719.0
297,297,302.0,0.0,2570.0,17687.0,1595.0,1003.0,738.0,4968.0,14150.0,11242.0,760.0,19851.0,76.0,184.0,41622.0,2.0,21238.0,2.0,882.0,1563.0,2066.0,0.0,1054.0,38.0,16078.0,3.0,26.0,424.0,662.0,161.0,8.0,777.0,637.0,121.0,190.0,9268.0,193.0,12107.0,3270.0,4902.0,15971.0,28.0,416.0,1728.0,1668.0,1666.0,7053.0
298,298,306.0,227.0,3442.0,18876.0,1589.0,1178.0,787.0,6592.0,15258.0,14714.0,859.0,0.0,53.0,219.0,42032.0,0.0,20531.0,3.0,841.0,1867.0,1820.0,0.0,785.0,40.0,19143.0,4.0,42.0,441.0,518.0,250.0,14.0,688.0,518.0,115.0,177.0,9983.0,268.0,13632.0,2899.0,5028.0,17340.0,17.0,579.0,2581.0,1662.0,1868.0,7517.0
299,299,302.0,0.0,2989.0,11557.0,1043.0,1258.0,811.0,0.0,12474.0,11176.0,789.0,0.0,51.0,178.0,45422.0,0.0,23012.0,0.0,935.0,2242.0,3149.0,0.0,847.0,86.0,19640.0,0.0,10.0,474.0,862.0,259.0,1.0,833.0,403.0,122.0,193.0,8639.0,0.0,13628.0,3669.0,4761.0,16521.0,0.0,757.0,2890.0,1964.0,1477.0,7014.0
300,300,299.0,0.0,2766.0,4895.0,327.0,1136.0,845.0,0.0,7300.0,8685.0,945.0,52188.0,60.0,196.0,52010.0,0.0,19790.0,0.0,790.0,2421.0,2316.0,0.0,1020.0,54.0,21273.0,0.0,25.0,606.0,491.0,211.0,10.0,414.0,560.0,80.0,168.0,10194.0,0.0,11742.0,2577.0,3855.0,16710.0,0.0,614.0,3042.0,1673.0,514.0,6079.0
301,301,288.0,287.0,2512.0,19868.0,2243.0,722.0,884.0,17357.0,10273.0,11409.0,1056.0,18418.0,17.0,122.0,26771.0,0.0,20890.0,1.0,714.0,828.0,2079.0,3.0,939.0,56.0,17007.0,26.0,48.0,765.0,195.0,79.0,4.0,308.0,245.0,107.0,112.0,10324.0,676.0,10241.0,2447.0,2844.0,17347.0,33.0,341.0,1312.0,1130.0,1068.0,5435.0
302,302,284.0,85.0,2698.0,22210.0,2569.0,1558.0,902.0,6362.0,15663.0,14964.0,745.0,19765.0,37.0,193.0,33417.0,4.0,22885.0,0.0,1256.0,1413.0,2291.0,1.0,700.0,70.0,21989.0,4.0,25.0,413.0,485.0,136.0,10.0,649.0,0.0,76.0,182.0,10283.0,433.0,16300.0,3299.0,4724.0,16550.0,0.0,1053.0,901.0,1523.0,2415.0,6677.0
303,303,311.0,107.0,4149.0,17998.0,2760.0,1584.0,936.0,8155.0,12980.0,16774.0,1017.0,23580.0,125.0,215.0,36437.0,0.0,24700.0,1.0,1547.0,2378.0,2194.0,0.0,667.0,97.0,24988.0,6.0,23.0,776.0,774.0,251.0,17.0,861.0,1498.0,106.0,301.0,8092.0,322.0,18820.0,3960.0,5343.0,16202.0,75.0,1328.0,2887.0,2612.0,3390.0,7474.0
304,304,275.0,50.0,4305.0,15090.0,2689.0,1910.0,984.0,9361.0,13055.0,18681.0,860.0,25595.0,81.0,188.0,47637.0,0.0,23065.0,0.0,1211.0,2776.0,3286.0,0.0,863.0,48.0,26829.0,3.0,25.0,950.0,698.0,251.0,10.0,912.0,861.0,76.0,354.0,10248.0,403.0,20156.0,4224.0,6481.0,17717.0,1.0,1384.0,2785.0,2490.0,3263.0,7342.0
305,305,319.0,98.0,5243.0,15400.0,2891.0,1485.0,970.0,9170.0,13605.0,19059.0,1191.0,0.0,100.0,344.0,49215.0,0.0,24405.0,0.0,1686.0,2772.0,3908.0,1.0,762.0,78.0,31079.0,5.0,37.0,735.0,778.0,284.0,8.0,968.0,890.0,100.0,320.0,11102.0,497.0,21629.0,4656.0,6546.0,18283.0,0.0,1545.0,3363.0,1805.0,4055.0,8312.0
306,306,241.0,91.0,5141.0,6308.0,1803.0,1937.0,983.0,0.0,11429.0,14177.0,1126.0,0.0,134.0,203.0,32641.0,1.0,21915.0,1.0,2055.0,2769.0,3878.0,0.0,397.0,68.0,31756.0,0.0,10.0,1001.0,799.0,215.0,4.0,839.0,1124.0,140.0,275.0,9790.0,0.0,21897.0,4007.0,5753.0,18140.0,0.0,1817.0,2573.0,1797.0,2987.0,8752.0
307,307,327.0,69.0,4526.0,2665.0,1225.0,1415.0,977.0,0.0,6542.0,12097.0,948.0,55019.0,80.0,178.0,49290.0,0.0,23254.0,2.0,1678.0,2179.0,3581.0,0.0,546.0,25.0,29905.0,0.0,18.0,895.0,849.0,242.0,7.0,542.0,864.0,218.0,373.0,8673.0,0.0,17171.0,3062.0,5324.0,18665.0,0.0,1449.0,2282.0,1342.0,1298.0,7959.0
308,308,321.0,63.0,3160.0,13857.0,2427.0,764.0,941.0,21842.0,9252.0,15352.0,942.0,18669.0,61.0,109.0,52518.0,0.0,18950.0,1.0,1151.0,1165.0,3989.0,2.0,748.0,41.0,22253.0,17.0,56.0,837.0,319.0,132.0,9.0,195.0,561.0,106.0,496.0,8278.0,1071.0,15578.0,2506.0,4041.0,18257.0,0.0,802.0,1883.0,557.0,1570.0,6754.0
309,309,381.0,22.0,4445.0,12102.0,4041.0,1553.0,929.0,6090.0,12089.0,17214.0,1353.0,25042.0,79.0,237.0,36330.0,0.0,20018.0,1.0,2166.0,1427.0,4219.0,1.0,298.0,26.0,28241.0,17.0,36.0,897.0,533.0,171.0,22.0,710.0,911.0,84.0,767.0,7729.0,700.0,19364.0,2596.0,7733.0,18648.0,66.0,1878.0,1727.0,1177.0,3609.0,8899.0
310,310,396.0,135.0,6514.0,9230.0,4054.0,1776.0,984.0,10043.0,15731.0,19990.0,936.0,21908.0,208.0,293.0,40558.0,0.0,25177.0,1.0,2646.0,2480.0,3928.0,1.0,435.0,32.0,30548.0,12.0,30.0,639.0,710.0,313.0,15.0,1020.0,1189.0,173.0,874.0,7622.0,620.0,24692.0,7497.0,8651.0,19768.0,0.0,2412.0,3216.0,2025.0,4484.0,9524.0
311,311,421.0,90.0,7051.0,7658.0,3754.0,1908.0,982.0,10098.0,13229.0,21506.0,1223.0,22516.0,131.0,189.0,58046.0,0.0,24138.0,1.0,2915.0,2848.0,4709.0,0.0,563.0,28.0,34502.0,12.0,30.0,999.0,803.0,367.0,18.0,1059.0,1275.0,129.0,682.0,6957.0,621.0,27143.0,4410.0,9714.0,19404.0,49.0,2181.0,1962.0,1686.0,4745.0,9850.0
312,312,489.0,0.0,6324.0,6648.0,3839.0,1921.0,991.0,9359.0,11552.0,23399.0,1427.0,0.0,241.0,266.0,60486.0,0.0,23287.0,4.0,2447.0,2890.0,5318.0,0.0,492.0,22.0,37802.0,11.0,50.0,1656.0,659.0,357.0,24.0,935.0,1127.0,146.0,546.0,7232.0,650.0,27086.0,5550.0,10260.0,20582.0,0.0,2282.0,2354.0,1564.0,4454.0,9721.0
313,313,495.0,184.0,7898.0,3046.0,2301.0,1785.0,997.0,0.0,7723.0,16017.0,1050.0,0.0,228.0,0.0,86852.0,0.0,24957.0,1.0,2555.0,2399.0,4673.0,0.0,317.0,24.0,39809.0,0.0,12.0,1972.0,675.0,404.0,29.0,1174.0,1283.0,102.0,300.0,6659.0,0.0,27875.0,6640.0,9937.0,20396.0,0.0,2677.0,2579.0,1613.0,4453.0,10746.0
314,314,501.0,64.0,6006.0,1448.0,675.0,1211.0,996.0,0.0,3608.0,13363.0,891.0,52386.0,192.0,412.0,38619.0,2.0,20572.0,0.0,1889.0,2543.0,5162.0,0.0,539.0,15.0,32614.0,0.0,23.0,1980.0,0.0,215.0,3.0,671.0,978.0,102.0,426.0,5659.0,0.0,24785.0,5784.0,6752.0,20498.0,0.0,2112.0,1828.0,890.0,2097.0,9397.0
315,315,525.0,54.0,5704.0,8636.0,3816.0,996.0,983.0,17245.0,6047.0,15332.0,771.0,17395.0,125.0,90.0,20155.0,0.0,21350.0,0.0,1489.0,1529.0,4140.0,0.0,265.0,23.0,25269.0,29.0,29.0,1056.0,570.0,92.0,4.0,331.0,515.0,153.0,803.0,4674.0,1502.0,21713.0,4096.0,3240.0,21798.0,71.0,1318.0,577.0,464.0,3726.0,8687.0
316,316,563.0,40.0,3839.0,7701.0,4390.0,1605.0,1038.0,5935.0,9005.0,18487.0,1066.0,19096.0,126.0,220.0,22180.0,0.0,20412.0,3.0,2383.0,1467.0,3945.0,2.0,230.0,13.0,35090.0,18.0,45.0,1086.0,176.0,208.0,22.0,915.0,947.0,141.0,546.0,4664.0,594.0,25454.0,3817.0,7304.0,20977.0,0.0,2823.0,1051.0,1092.0,4499.0,10179.0
317,317,507.0,90.0,9643.0,2004.0,3945.0,1541.0,1057.0,8238.0,8925.0,21866.0,994.0,19511.0,132.0,238.0,35879.0,0.0,22950.0,0.0,2751.0,2597.0,3927.0,2.0,358.0,28.0,32961.0,14.0,32.0,1421.0,483.0,453.0,12.0,1115.0,1318.0,109.0,711.0,5400.0,564.0,25221.0,4935.0,9799.0,19851.0,76.0,3536.0,2058.0,2222.0,5709.0,10611.0
318,318,410.0,49.0,10368.0,6482.0,3414.0,1728.0,1098.0,6893.0,7870.0,23542.0,1011.0,21371.0,373.0,197.0,33172.0,0.0,33470.0,0.0,3316.0,3082.0,5097.0,2.0,385.0,18.0,37977.0,17.0,31.0,1550.0,795.0,533.0,8.0,1331.0,1295.0,150.0,644.0,5627.0,618.0,22683.0,5839.0,10142.0,21608.0,0.0,3341.0,2591.0,1931.0,5568.0,11057.0
319,319,490.0,109.0,8962.0,5709.0,4212.0,1332.0,1167.0,6715.0,7355.0,22461.0,1037.0,0.0,267.0,316.0,23794.0,0.0,27301.0,0.0,3038.0,3056.0,4836.0,0.0,467.0,10.0,40902.0,11.0,24.0,2066.0,713.0,455.0,8.0,1323.0,1063.0,121.0,600.0,6086.0,723.0,24051.0,6653.0,9489.0,21983.0,63.0,3499.0,2024.0,1515.0,6733.0,11787.0
320,320,532.0,0.0,7192.0,2370.0,2498.0,1275.0,1248.0,0.0,4199.0,16947.0,1078.0,0.0,0.0,244.0,32095.0,0.0,26860.0,0.0,2835.0,2866.0,4238.0,0.0,427.0,16.0,37249.0,0.0,21.0,1509.0,713.0,395.0,5.0,1411.0,1164.0,117.0,577.0,5903.0,0.0,25571.0,6602.0,9460.0,22702.0,0.0,3822.0,1771.0,1737.0,3516.0,12524.0
321,321,597.0,147.0,5278.0,1057.0,816.0,0.0,1315.0,0.0,1887.0,10824.0,1058.0,38273.0,489.0,213.0,27228.0,1.0,24962.0,0.0,1695.0,2362.0,6495.0,0.0,377.0,3.0,33977.0,0.0,15.0,1371.0,613.0,316.0,3.0,507.0,988.0,103.0,491.0,5408.0,0.0,21854.0,6035.0,7096.0,22572.0,0.0,3482.0,1200.0,920.0,1582.0,10681.0
322,322,602.0,42.0,4304.0,5821.0,3519.0,1789.0,1263.0,12779.0,5407.0,14419.0,1195.0,13159.0,211.0,104.0,9406.0,0.0,21363.0,0.0,2198.0,1313.0,5203.0,0.0,453.0,16.0,27352.0,32.0,4.0,1153.0,548.0,89.0,4.0,564.0,586.0,110.0,596.0,4822.0,1737.0,20816.0,8371.0,4931.0,45188.0,37.0,2813.0,509.0,502.0,2544.0,9832.0
323,323,694.0,37.0,5664.0,4828.0,4828.0,1255.0,1251.0,4522.0,4246.0,17561.0,1220.0,15318.0,185.0,228.0,45522.0,0.0,20051.0,0.0,2422.0,1945.0,4290.0,1.0,330.0,10.0,32191.0,11.0,13.0,965.0,164.0,278.0,5.0,1069.0,977.0,173.0,619.0,4296.0,547.0,19152.0,4452.0,8262.0,20985.0,0.0,4994.0,1326.0,1393.0,4460.0,11968.0
324,324,711.0,67.0,7766.0,3699.0,3938.0,1633.0,1309.0,6085.0,5515.0,22609.0,1257.0,16233.0,271.0,288.0,28383.0,0.0,19609.0,0.0,3209.0,3251.0,4512.0,0.0,372.0,11.0,34280.0,11.0,49.0,1934.0,425.0,442.0,8.0,1607.0,1402.0,140.0,639.0,4606.0,603.0,19883.0,5891.0,10269.0,23610.0,68.0,5613.0,1311.0,2027.0,4962.0,12496.0
325,325,786.0,48.0,6830.0,3019.0,3899.0,1180.0,1382.0,4988.0,6471.0,23648.0,1297.0,15156.0,411.0,351.0,21150.0,0.0,22915.0,0.0,3227.0,3164.0,4440.0,2.0,415.0,5.0,36176.0,11.0,21.0,1682.0,892.0,366.0,8.0,1442.0,1198.0,121.0,546.0,5638.0,655.0,23975.0,6994.0,10108.0,24318.0,0.0,6109.0,1665.0,2070.0,7628.0,13357.0
326,326,836.0,76.0,6612.0,3081.0,3983.0,1237.0,1457.0,4923.0,5808.0,22964.0,1257.0,0.0,361.0,461.0,22882.0,0.0,20252.0,1.0,2551.0,2958.0,4397.0,2.0,329.0,20.0,37239.0,14.0,22.0,2265.0,670.0,380.0,4.0,1422.0,1236.0,141.0,502.0,5919.0,670.0,22464.0,6489.0,9272.0,24822.0,37.0,6254.0,1818.0,1546.0,5462.0,29155.0
327,327,737.0,65.0,6239.0,1263.0,2279.0,1315.0,1588.0,0.0,3187.0,15741.0,1273.0,0.0,299.0,469.0,17881.0,1.0,19875.0,0.0,2309.0,3573.0,4320.0,0.0,341.0,18.0,34764.0,0.0,15.0,1983.0,519.0,642.0,4.0,1306.0,1182.0,102.0,574.0,6062.0,0.0,24213.0,6472.0,9685.0,24581.0,0.0,5774.0,1861.0,1704.0,4496.0,0.0
328,328,565.0,49.0,5215.0,588.0,1123.0,698.0,1564.0,0.0,1513.0,10864.0,850.0,25886.0,349.0,423.0,13157.0,1.0,18662.0,0.0,1498.0,3308.0,3334.0,0.0,318.0,8.0,28337.0,0.0,3.0,2307.0,571.0,376.0,1.0,1252.0,1112.0,80.0,409.0,5382.0,0.0,17856.0,4788.0,5837.0,25173.0,0.0,4995.0,984.0,1024.0,2423.0,0.0
329,329,795.0,48.0,3090.0,3948.0,3146.0,546.0,1483.0,9688.0,4375.0,13554.0,1169.0,12228.0,232.0,297.0,4452.0,0.0,15450.0,0.0,1387.0,1973.0,3929.0,1.0,250.0,12.0,22927.0,24.0,69.0,1179.0,602.0,116.0,1.0,477.0,384.0,133.0,556.0,5163.0,1329.0,15002.0,4044.0,4207.0,24326.0,33.0,5067.0,231.0,470.0,3878.0,23024.0
330,330,744.0,47.0,4135.0,2856.0,4382.0,1186.0,1471.0,4221.0,5896.0,18633.0,1367.0,10222.0,203.0,353.0,9155.0,0.0,11299.0,0.0,2131.0,2323.0,3806.0,0.0,219.0,9.0,23227.0,6.0,20.0,1167.0,176.0,457.0,4.0,1215.0,1037.0,166.0,570.0,3919.0,416.0,32733.0,3919.0,7753.0,23675.0,0.0,6842.0,1021.0,1302.0,5674.0,12287.0
331,331,644.0,77.0,5896.0,2632.0,3712.0,1589.0,1496.0,4862.0,2681.0,22268.0,1183.0,12289.0,382.0,363.0,16282.0,0.0,18213.0,2.0,2151.0,3603.0,6360.0,0.0,257.0,14.0,25852.0,21.0,14.0,2262.0,373.0,580.0,7.0,1570.0,1287.0,69.0,620.0,4901.0,531.0,15356.0,5290.0,9739.0,25487.0,64.0,7579.0,1811.0,2226.0,6066.0,13882.0
332,332,656.0,106.0,5447.0,2111.0,3568.0,924.0,1563.0,4468.0,6305.0,22806.0,1191.0,10853.0,414.0,496.0,13563.0,0.0,17555.0,1.0,2018.0,4009.0,6393.0,0.0,307.0,11.0,29001.0,35.0,41.0,2102.0,616.0,898.0,6.0,1691.0,1157.0,70.0,508.0,4467.0,553.0,16690.0,6383.0,9005.0,27543.0,22.0,7606.0,1953.0,1767.0,5464.0,15331.0
333,333,645.0,76.0,4818.0,2111.0,3327.0,1179.0,1621.0,4295.0,4464.0,21695.0,1323.0,0.0,368.0,618.0,12539.0,0.0,14739.0,0.0,1981.0,4080.0,6268.0,0.0,205.0,23.0,28342.0,31.0,17.0,4455.0,1309.0,637.0,3.0,1246.0,1093.0,70.0,520.0,5733.0,480.0,17304.0,5444.0,8499.0,27100.0,40.0,7780.0,1849.0,1601.0,5464.0,16218.0
334,334,545.0,60.0,4765.0,2111.0,1792.0,0.0,1691.0,0.0,2665.0,14611.0,1636.0,0.0,375.0,541.0,12500.0,2.0,15871.0,0.0,1747.0,3987.0,6819.0,0.0,243.0,25.0,26315.0,0.0,0.0,1981.0,0.0,753.0,4.0,1712.0,1022.0,0.0,618.0,4452.0,0.0,15177.0,4868.0,8134.0,26683.0,32.0,7041.0,1526.0,1590.0,5464.0,0.0
